统一社会信用代码,企业标准名,原始名称,名称类型
91440000MADNK47L8G,广东省低空经济产业发展有限公司,广东省低空经济产业发展有限公司,标准名
91440000MADNK47L8G,广东省低空经济产业发展有限公司,低空经济产业发展,简称
91440300MA5HRHAL06,鹏城低空经济产业发展(深圳)有限公司,鹏城低空经济产业发展(深圳)有限公司,标准名
91440300MA5HRHAL06,鹏城低空经济产业发展(深圳)有限公司,鹏城低空经济产业发展(深圳,简称
91440101MA5AQDU541,国合智联低空经济研究(广州)有限公司,国合智联低空经济研究(广州)有限公司,标准名
91440101MA5AQDU541,国合智联低空经济研究(广州)有限公司,国合智联低空经济研究(广州,简称
91440101MA5AQDU541,国合智联低空经济研究(广州)有限公司,国合诚成（广州）区域经济研究有限公司,曾用名
91440300MADN5D039E,星链低空经济产业(广东)有限公司,星链低空经济产业(广东)有限公司,标准名
91440300MADN5D039E,星链低空经济产业(广东)有限公司,星链低空经济产业(广东,简称
91440118MADN3D7G9W,广州低空经济科技有限公司,广州低空经济科技有限公司,标准名
91440118MADN3D7G9W,广州低空经济科技有限公司,低空经济科技,简称
91440300MACM90CQ7A,东融低空经济产业(深圳)有限公司,东融低空经济产业(深圳)有限公司,标准名
91440300MACM90CQ7A,东融低空经济产业(深圳)有限公司,东融低空经济产业(深圳,简称
91440300MACM90CQ7A,东融低空经济产业(深圳)有限公司,低空经济产业（深圳）有限公司,曾用名
91440104MACCLRUY7P,广州低空经济发展有限公司,广州低空经济发展有限公司,标准名
91440104MACCLRUY7P,广州低空经济发展有限公司,低空经济发展,简称
91440104MACCLRUY7P,广州低空经济发展有限公司,广东省寰球海外咨询服务有限公司,曾用名
91440104MACCLRUY7P,广州低空经济发展有限公司,广东省微风发电站有限公司,曾用名
91441900MAE55MNM0H,东莞市低空经济发展有限公司,东莞市低空经济发展有限公司,标准名
91441900MAE55MNM0H,东莞市低空经济发展有限公司,低空经济发展,简称
91440300MACYHDQ117,深圳低空经济发展有限公司,深圳低空经济发展有限公司,标准名
91440300MACYHDQ117,深圳低空经济发展有限公司,低空经济发展,简称
91441900MAE9MFMNXH,华南低空经济(广东)有限公司,华南低空经济(广东)有限公司,标准名
91441900MAE9MFMNXH,华南低空经济(广东)有限公司,华南低空经济(广东,简称
91441900MAE9W1PY5U,岭南低空经济(广东)有限公司,岭南低空经济(广东)有限公司,标准名
91441900MAE9W1PY5U,岭南低空经济(广东)有限公司,岭南低空经济(广东,简称
91441900MAECTQJX3N,广东省民资低空经济发展有限公司,广东省民资低空经济发展有限公司,标准名
91441900MAECTQJX3N,广东省民资低空经济发展有限公司,民资低空经济发展,简称
91441900MAEG8GEK77,广东华疆低空经济有限公司,广东华疆低空经济有限公司,标准名
91441900MAEG8GEK77,广东华疆低空经济有限公司,华疆低空经济,简称
91441900MAK20KJU6M,璀璨低空经济发展(广东)有限公司,璀璨低空经济发展(广东)有限公司,标准名
91441900MAK20KJU6M,璀璨低空经济发展(广东)有限公司,璀璨低空经济发展(广东,简称
91440300MA5HWRQK9H,深圳市九州低空经济有限公司,深圳市九州低空经济有限公司,标准名
91440300MA5HWRQK9H,深圳市九州低空经济有限公司,九州低空经济,简称
91440300MA5HWRQK9H,深圳市九州低空经济有限公司,尾房在线（深圳）实业有限公司,曾用名
91440300MA5HWRQK9H,深圳市九州低空经济有限公司,深圳市龙延润生命科技有限公司,曾用名
91440605MACKUJWX67,广东省湾区低空经济研究院,广东省湾区低空经济研究院,标准名
91440605MACKUJWX67,广东省湾区低空经济研究院,湾区低空经济,简称
91440605MACKUJWX67,广东省湾区低空经济研究院,广东省湾区新经济研究院,曾用名
91440523MAC9QJG88F,广东飞能低空经济发展有限公司,广东飞能低空经济发展有限公司,标准名
91440523MAC9QJG88F,广东飞能低空经济发展有限公司,飞能低空经济发展,简称
91440523MAC9QJG88F,广东飞能低空经济发展有限公司,广东尚顶好城市运营服务有限公司,曾用名
91440300MAEEP8Q33W,深圳竹园新低空经济发展有限公司,深圳竹园新低空经济发展有限公司,标准名
91440300MAEEP8Q33W,深圳竹园新低空经济发展有限公司,竹园新低空经济发展,简称
91440115MAEHUHN71L,广州低空经济产业发展有限公司,广州低空经济产业发展有限公司,标准名
91440115MAEHUHN71L,广州低空经济产业发展有限公司,低空经济产业发展,简称
91440300MA5GRELF2P,深圳晟坤低空经济有限公司,深圳晟坤低空经济有限公司,标准名
91440300MA5GRELF2P,深圳晟坤低空经济有限公司,晟坤低空经济,简称
91440300MA5GRELF2P,深圳晟坤低空经济有限公司,广东万马谷贸易有限公司,曾用名
91440300MA5GRELF2P,深圳晟坤低空经济有限公司,广东万马谷门窗科技有限公司,曾用名
91440300MA5GRELF2P,深圳晟坤低空经济有限公司,深圳万马谷贸易有限公司,曾用名
91440204MAA4HQEQ44,韶关市鹏翔低空经济发展有限公司,韶关市鹏翔低空经济发展有限公司,标准名
91440204MAA4HQEQ44,韶关市鹏翔低空经济发展有限公司,韶关市鹏翔低空经济发展,简称
91440204MAA4HQEQ44,韶关市鹏翔低空经济发展有限公司,韶关市鸿途信息科技有限公司,曾用名
91441900MAEF1GR154,广东财富低空经济有限公司,广东财富低空经济有限公司,标准名
91441900MAEF1GR154,广东财富低空经济有限公司,财富低空经济,简称
91440300312065452K,深圳兰德低空经济咨询有限公司,深圳兰德低空经济咨询有限公司,标准名
91440300312065452K,深圳兰德低空经济咨询有限公司,兰德低空经济咨询,简称
91440300312065452K,深圳兰德低空经济咨询有限公司,深圳小峰泰科技术有限公司,曾用名
91440300MA5G0Y8T1X,中和领航低空经济发展(深圳)有限公司,中和领航低空经济发展(深圳)有限公司,标准名
91440300MA5G0Y8T1X,中和领航低空经济发展(深圳)有限公司,中和领航低空经济发展(深圳,简称
91440300MA5G0Y8T1X,中和领航低空经济发展(深圳)有限公司,深圳市陨石文化集团有限公司,曾用名
91440300MAEDAJ7C3N,深圳适航低空经济有限公司,深圳适航低空经济有限公司,标准名
91440300MAEDAJ7C3N,深圳适航低空经济有限公司,适航低空经济,简称
914403000939188802,深圳恒泽荣耀低空经济有限公司,深圳恒泽荣耀低空经济有限公司,标准名
914403000939188802,深圳恒泽荣耀低空经济有限公司,恒泽荣耀低空经济,简称
914403000939188802,深圳恒泽荣耀低空经济有限公司,深圳市粤鸿发贸易有限公司,曾用名
91440101MA9UM2J74X,广东正好低空经济产业发展有限公司,广东正好低空经济产业发展有限公司,标准名
91440101MA9UM2J74X,广东正好低空经济产业发展有限公司,正好低空经济产业发展,简称
91440101MA9UM2J74X,广东正好低空经济产业发展有限公司,广东翊腾建筑信息技术有限公司,曾用名
91440101MA9UM2J74X,广东正好低空经济产业发展有限公司,广东翊腾国际工程咨询有限公司,曾用名
91440300MA5FP0HB4H,深圳民益低空经济发展有限公司,深圳民益低空经济发展有限公司,标准名
91440300MA5FP0HB4H,深圳民益低空经济发展有限公司,民益低空经济发展,简称
91440300MA5FP0HB4H,深圳民益低空经济发展有限公司,深圳市民益技术有限公司,曾用名
91440101MA5D3K068M,城际低空经济产业发展(广州)有限公司,城际低空经济产业发展(广州)有限公司,标准名
91440101MA5D3K068M,城际低空经济产业发展(广州)有限公司,城际低空经济产业发展(广州,简称
91440101MA5D3K068M,城际低空经济产业发展(广州)有限公司,中民幸福生命科技（广州）有限公司,曾用名
91440101MA5D3K068M,城际低空经济产业发展(广州)有限公司,广州金财营销策划管理有限公司,曾用名
91440300MA5HNMFG3D,广东省飞的低空经济产业有限公司,广东省飞的低空经济产业有限公司,标准名
91440300MA5HNMFG3D,广东省飞的低空经济产业有限公司,飞的低空经济产业,简称
91440300MA5HNMFG3D,广东省飞的低空经济产业有限公司,广东飞会通用航空有限公司,曾用名
91440111MADXNM8K0K,华南低空经济开发(广东)有限公司,华南低空经济开发(广东)有限公司,标准名
91440111MADXNM8K0K,华南低空经济开发(广东)有限公司,华南低空经济开发(广东,简称
91440605MAE15LPX70,佛山君航低空经济技术发展有限公司,佛山君航低空经济技术发展有限公司,标准名
91440605MAE15LPX70,佛山君航低空经济技术发展有限公司,君航低空经济技术发展,简称
91440300MAE5PJ9H11,深圳智翔低空经济发展有限公司,深圳智翔低空经济发展有限公司,标准名
91440300MAE5PJ9H11,深圳智翔低空经济发展有限公司,智翔低空经济发展,简称
91440300MAEAYHA58U,广东通翔低空经济发展有限公司,广东通翔低空经济发展有限公司,标准名
91440300MAEAYHA58U,广东通翔低空经济发展有限公司,通翔低空经济发展,简称
91440300MAEAYHA58U,广东通翔低空经济发展有限公司,广东通翔低空经济有限公司,曾用名
91441502MAE9WFPB5M,中飞低空经济发展(汕尾)有限公司,中飞低空经济发展(汕尾)有限公司,标准名
91441502MAE9WFPB5M,中飞低空经济发展(汕尾)有限公司,中飞低空经济发展(汕尾,简称
91442000MAEDFKRK6L,深信低空经济发展(广东)有限公司,深信低空经济发展(广东)有限公司,标准名
91442000MAEDFKRK6L,深信低空经济发展(广东)有限公司,深信低空经济发展(广东,简称
91440300MAED1Y1C72,华粤低空经济(深圳)有限公司,华粤低空经济(深圳)有限公司,标准名
91440300MAED1Y1C72,华粤低空经济(深圳)有限公司,华粤低空经济(深圳,简称
91440300MAED1Y1C72,华粤低空经济(深圳)有限公司,鹏城低空经济（深圳）有限公司,曾用名
91440300MAEDGFPM1D,深圳飞飞低空经济科技有限公司,深圳飞飞低空经济科技有限公司,标准名
91440300MAEDGFPM1D,深圳飞飞低空经济科技有限公司,飞飞低空经济科技,简称
91440812MAEEEBBE6X,广东光擎智联低空经济发展有限公司,广东光擎智联低空经济发展有限公司,标准名
91440812MAEEEBBE6X,广东光擎智联低空经济发展有限公司,光擎智联低空经济发展,简称
91440812MAEG4BPF08,广东万维航科低空经济发展有限公司,广东万维航科低空经济发展有限公司,标准名
91440812MAEG4BPF08,广东万维航科低空经济发展有限公司,万维航科低空经济发展,简称
91441900MAEKCE83X1,中和科苑低空经济发展(东莞)有限公司,中和科苑低空经济发展(东莞)有限公司,标准名
91441900MAEKCE83X1,中和科苑低空经济发展(东莞)有限公司,中和科苑低空经济发展(东莞,简称
91440300MADURURC7C,中粤航低空经济(深圳)有限公司,中粤航低空经济(深圳)有限公司,标准名
91440300MADURURC7C,中粤航低空经济(深圳)有限公司,中粤航低空经济(深圳,简称
91440300MADURURC7C,中粤航低空经济(深圳)有限公司,深圳市粤航商业有限公司,曾用名
91440300MAE03GA817,城市快线(深圳)低空经济发展有限公司,城市快线(深圳)低空经济发展有限公司,标准名
91440300MAE03GA817,城市快线(深圳)低空经济发展有限公司,城市快线(深圳)低空经济发展,简称
91440300MAE447RK2U,马上起飞(深圳)低空经济有限公司,马上起飞(深圳)低空经济有限公司,标准名
91440300MAE447RK2U,马上起飞(深圳)低空经济有限公司,马上起飞(深圳)低空经济,简称
91441900MAE6569F1T,广东省彩航低空经济发展有限公司,广东省彩航低空经济发展有限公司,标准名
91441900MAE6569F1T,广东省彩航低空经济发展有限公司,彩航低空经济发展,简称
91441900MAE6569F1T,广东省彩航低空经济发展有限公司,广东省兼爱管理咨询有限公司,曾用名
91440300MAE77J4R5J,跨界低空经济发展(深圳)有限公司,跨界低空经济发展(深圳)有限公司,标准名
91440300MAE77J4R5J,跨界低空经济发展(深圳)有限公司,跨界低空经济发展(深圳,简称
91440300MAE8A56P08,深圳市建效合得低空经济有限公司,深圳市建效合得低空经济有限公司,标准名
91440300MAE8A56P08,深圳市建效合得低空经济有限公司,建效合得低空经济,简称
91440604MAE94ATM4M,中科低空经济(广东)有限公司,中科低空经济(广东)有限公司,标准名
91440604MAE94ATM4M,中科低空经济(广东)有限公司,中科低空经济(广东,简称
91442000MAE9N3HC0M,时空鹰(中山)低空经济有限公司,时空鹰(中山)低空经济有限公司,标准名
91442000MAE9N3HC0M,时空鹰(中山)低空经济有限公司,时空鹰(中山)低空经济,简称
91440300MAE8YP5D18,领路者(深圳)低空经济投资有限公司,领路者(深圳)低空经济投资有限公司,标准名
91440300MAE8YP5D18,领路者(深圳)低空经济投资有限公司,领路者(深圳)低空经济投资,简称
91440604MAE95LGY59,粤东低空经济(广东)有限公司,粤东低空经济(广东)有限公司,标准名
91440604MAE95LGY59,粤东低空经济(广东)有限公司,粤东低空经济(广东,简称
91440802MAEA7DU65U,广东再来低空经济发展有限公司,广东再来低空经济发展有限公司,标准名
91440802MAEA7DU65U,广东再来低空经济发展有限公司,再来低空经济发展,简称
91440604MAE9RW1G21,港澳大湾低空经济(广东)有限公司,港澳大湾低空经济(广东)有限公司,标准名
91440604MAE9RW1G21,港澳大湾低空经济(广东)有限公司,港澳大湾低空经济(广东,简称
91440606MAEA6A1J3G,新航道(佛山)低空经济发展有限公司,新航道(佛山)低空经济发展有限公司,标准名
91440606MAEA6A1J3G,新航道(佛山)低空经济发展有限公司,新航道(佛山)低空经济发展,简称
91440604MAE9FGW34Y,中交低空经济(广东)有限公司,中交低空经济(广东)有限公司,标准名
91440604MAE9FGW34Y,中交低空经济(广东)有限公司,中交低空经济(广东,简称
91440300MAE8RMLR1L,中深低空经济(深圳)有限公司,中深低空经济(深圳)有限公司,标准名
91440300MAE8RMLR1L,中深低空经济(深圳)有限公司,中深低空经济(深圳,简称
91440606MAEAP3BC47,顺天明德(广东)低空经济发展有限公司,顺天明德(广东)低空经济发展有限公司,标准名
91440606MAEAP3BC47,顺天明德(广东)低空经济发展有限公司,顺天明德(广东)低空经济发展,简称
91442000MAE96K3M7W,明途领航(中山)低空经济发展有限公司,明途领航(中山)低空经济发展有限公司,标准名
91442000MAE96K3M7W,明途领航(中山)低空经济发展有限公司,明途领航(中山)低空经济发展,简称
91440608MAEBAX6PXA,涡小流低空经济发展(佛山)有限公司,涡小流低空经济发展(佛山)有限公司,标准名
91440608MAEBAX6PXA,涡小流低空经济发展(佛山)有限公司,涡小流低空经济发展(佛山,简称
91440883MAEAREF880,南方低空经济(广东)有限公司,南方低空经济(广东)有限公司,标准名
91440883MAEAREF880,南方低空经济(广东)有限公司,南方低空经济(广东,简称
91440300MAEB68JR9Q,阖众低空经济发展(广东)有限公司,阖众低空经济发展(广东)有限公司,标准名
91440300MAEB68JR9Q,阖众低空经济发展(广东)有限公司,阖众低空经济发展(广东,简称
91440300MAEBLKEN9T,中能低空经济(深圳)有限公司,中能低空经济(深圳)有限公司,标准名
91440300MAEBLKEN9T,中能低空经济(深圳)有限公司,中能低空经济(深圳,简称
91440300MAEBB8BC2L,航旅低空经济(深圳)有限公司,航旅低空经济(深圳)有限公司,标准名
91440300MAEBB8BC2L,航旅低空经济(深圳)有限公司,航旅低空经济(深圳,简称
91440300MAEC599L43,创华低空经济(深圳)有限公司,创华低空经济(深圳)有限公司,标准名
91440300MAEC599L43,创华低空经济(深圳)有限公司,创华低空经济(深圳,简称
91440300MAEBJ8Q38X,航宇低空经济(深圳)有限公司,航宇低空经济(深圳)有限公司,标准名
91440300MAEBJ8Q38X,航宇低空经济(深圳)有限公司,航宇低空经济(深圳,简称
91440300MAEC0KLW38,云界(深圳)低空经济发展有限公司,云界(深圳)低空经济发展有限公司,标准名
91440300MAEC0KLW38,云界(深圳)低空经济发展有限公司,云界(深圳)低空经济发展,简称
91441900MAECNX877Q,中安低空经济(广东)有限公司,中安低空经济(广东)有限公司,标准名
91441900MAECNX877Q,中安低空经济(广东)有限公司,中安低空经济(广东,简称
91440300MAECP38D59,中粤低空经济(深圳)有限公司,中粤低空经济(深圳)有限公司,标准名
91440300MAECP38D59,中粤低空经济(深圳)有限公司,中粤低空经济(深圳,简称
91440300MAECCUFD20,华中(深圳)低空经济发展有限公司,华中(深圳)低空经济发展有限公司,标准名
91440300MAECCUFD20,华中(深圳)低空经济发展有限公司,华中(深圳)低空经济发展,简称
91440604MAECTQH435,中资低空经济(广东)有限公司,中资低空经济(广东)有限公司,标准名
91440604MAECTQH435,中资低空经济(广东)有限公司,中资低空经济(广东,简称
91440300MAECTUBB3N,深圳亿航低空经济咨询有限公司,深圳亿航低空经济咨询有限公司,标准名
91440300MAECTUBB3N,深圳亿航低空经济咨询有限公司,亿航低空经济咨询,简称
91440300MAEC439U6D,中天低空经济(深圳)有限公司,中天低空经济(深圳)有限公司,标准名
91440300MAEC439U6D,中天低空经济(深圳)有限公司,中天低空经济(深圳,简称
91440300MAEC94LY5R,深圳艾翔低空经济科技有限公司,深圳艾翔低空经济科技有限公司,标准名
91440300MAEC94LY5R,深圳艾翔低空经济科技有限公司,艾翔低空经济科技,简称
91440300MAED5W666M,蓝锐华疆(深圳)低空经济产业有限公司,蓝锐华疆(深圳)低空经济产业有限公司,标准名
91440300MAED5W666M,蓝锐华疆(深圳)低空经济产业有限公司,蓝锐华疆(深圳)低空经济产业,简称
91440300MAEDFCPP25,深圳新空时代低空经济有限公司,深圳新空时代低空经济有限公司,标准名
91440300MAEDFCPP25,深圳新空时代低空经济有限公司,新空时代低空经济,简称
91440300MAEBRH9P8L,中产低空经济(深圳)有限公司,中产低空经济(深圳)有限公司,标准名
91440300MAEBRH9P8L,中产低空经济(深圳)有限公司,中产低空经济(深圳,简称
91440106MAEC4TAJ33,广东印太低空经济有限公司,广东印太低空经济有限公司,标准名
91440106MAEC4TAJ33,广东印太低空经济有限公司,印太低空经济,简称
91441502MAECE0NR7K,汕尾市联智低空经济有限公司,汕尾市联智低空经济有限公司,标准名
91441502MAECE0NR7K,汕尾市联智低空经济有限公司,汕尾市联智低空经济,简称
91440300MAEDMNQR3N,广飞低空经济(深圳)有限公司,广飞低空经济(深圳)有限公司,标准名
91440300MAEDMNQR3N,广飞低空经济(深圳)有限公司,广飞低空经济(深圳,简称
91440300MAEDCJ394F,飞悦低空经济(深圳)有限公司,飞悦低空经济(深圳)有限公司,标准名
91440300MAEDCJ394F,飞悦低空经济(深圳)有限公司,飞悦低空经济(深圳,简称
91441900MAEDDBG582,领航低空经济(广东)有限公司,领航低空经济(广东)有限公司,标准名
91441900MAEDDBG582,领航低空经济(广东)有限公司,领航低空经济(广东,简称
91440300MAEEP4CY74,万域(深圳)低空经济投资有限公司,万域(深圳)低空经济投资有限公司,标准名
91440300MAEEP4CY74,万域(深圳)低空经济投资有限公司,万域(深圳)低空经济投资,简称
91440802MAEEGWYJ19,湛江金湛云低空经济发展有限公司,湛江金湛云低空经济发展有限公司,标准名
91440802MAEEGWYJ19,湛江金湛云低空经济发展有限公司,湛江金湛云低空经济发展,简称
91441381MAEDU3DX9T,惠州市蜻蜓低空经济发展有限公司,惠州市蜻蜓低空经济发展有限公司,标准名
91441381MAEDU3DX9T,惠州市蜻蜓低空经济发展有限公司,惠州市蜻蜓低空经济发展,简称
91441381MAEDU3DX9T,惠州市蜻蜓低空经济发展有限公司,宇洋建筑工程（惠州）有限公司,曾用名
91441900MAEEN8JG4Y,灵鸢低空经济(广东)有限公司,灵鸢低空经济(广东)有限公司,标准名
91441900MAEEN8JG4Y,灵鸢低空经济(广东)有限公司,灵鸢低空经济(广东,简称
91441900MAEDDWYF11,广东全域低空经济有限公司,广东全域低空经济有限公司,标准名
91441900MAEDDWYF11,广东全域低空经济有限公司,全域低空经济,简称
91440500MAEFAY863C,金航通(汕头)低空经济有限公司,金航通(汕头)低空经济有限公司,标准名
91440500MAEFAY863C,金航通(汕头)低空经济有限公司,金航通(汕头)低空经济,简称
91440300MAEERM678P,深圳擎空低空经济有限公司,深圳擎空低空经济有限公司,标准名
91440300MAEERM678P,深圳擎空低空经济有限公司,擎空低空经济,简称
91440113MAEGPGXA9J,嘉馨(广州)低空经济产业发展有限公司,嘉馨(广州)低空经济产业发展有限公司,标准名
91440113MAEGPGXA9J,嘉馨(广州)低空经济产业发展有限公司,嘉馨(广州)低空经济产业发展,简称
91440105MAEF38Q26T,广东粤粮低空经济产业发展有限公司,广东粤粮低空经济产业发展有限公司,标准名
91440105MAEF38Q26T,广东粤粮低空经济产业发展有限公司,粤粮低空经济产业发展,简称
91440300MAEF6G4246,中天(深圳)低空经济产业投资有限公司,中天(深圳)低空经济产业投资有限公司,标准名
91440300MAEF6G4246,中天(深圳)低空经济产业投资有限公司,中天(深圳)低空经济产业投资,简称
91440204MAEGNB862R,韶关航宇低空经济发展有限公司,韶关航宇低空经济发展有限公司,标准名
91440204MAEGNB862R,韶关航宇低空经济发展有限公司,韶关航宇低空经济发展,简称
91440300MAEGQQAG4E,华鹰低空经济开发(深圳)有限公司,华鹰低空经济开发(深圳)有限公司,标准名
91440300MAEGQQAG4E,华鹰低空经济开发(深圳)有限公司,华鹰低空经济开发(深圳,简称
91440300MAEGM6K198,深圳智投低空经济产业发展有限公司,深圳智投低空经济产业发展有限公司,标准名
91440300MAEGM6K198,深圳智投低空经济产业发展有限公司,智投低空经济产业发展,简称
91441900MAEGQQ7E96,城市快线低空经济(广东)有限公司,城市快线低空经济(广东)有限公司,标准名
91441900MAEGQQ7E96,城市快线低空经济(广东)有限公司,城市快线低空经济(广东,简称
91441302MAEH6HN11P,岭南低空经济发展(惠州)有限公司,岭南低空经济发展(惠州)有限公司,标准名
91441302MAEH6HN11P,岭南低空经济发展(惠州)有限公司,岭南低空经济发展(惠州,简称
91440300MAEGT7D15P,深圳市中驭低空经济有限公司,深圳市中驭低空经济有限公司,标准名
91440300MAEGT7D15P,深圳市中驭低空经济有限公司,中驭低空经济,简称
91440300MAEHB4YG6K,天穹低空经济控股(深圳)有限公司,天穹低空经济控股(深圳)有限公司,标准名
91440300MAEHB4YG6K,天穹低空经济控股(深圳)有限公司,天穹低空经济控股(深圳,简称
91440300MAEJ2GB472,天枢低空经济(深圳)有限公司,天枢低空经济(深圳)有限公司,标准名
91440300MAEJ2GB472,天枢低空经济(深圳)有限公司,天枢低空经济(深圳,简称
91440300MAEJ4U0032,中腾(深圳)低空经济开发有限公司,中腾(深圳)低空经济开发有限公司,标准名
91440300MAEJ4U0032,中腾(深圳)低空经济开发有限公司,中腾(深圳)低空经济开发,简称
91440114MAEK4RY61F,广州智沃低空经济发展有限公司,广州智沃低空经济发展有限公司,标准名
91440114MAEK4RY61F,广州智沃低空经济发展有限公司,智沃低空经济发展,简称
91440300MAEJG0AC9K,国翼低空经济产业(深圳)有限公司,国翼低空经济产业(深圳)有限公司,标准名
91440300MAEJG0AC9K,国翼低空经济产业(深圳)有限公司,国翼低空经济产业(深圳,简称
91440300MAEJ8NPA76,深圳市中翔低空经济有限公司,深圳市中翔低空经济有限公司,标准名
91440300MAEJ8NPA76,深圳市中翔低空经济有限公司,中翔低空经济,简称
91441900MAEJGAC940,国领低空经济(广东)有限公司,国领低空经济(广东)有限公司,标准名
91441900MAEJGAC940,国领低空经济(广东)有限公司,国领低空经济(广东,简称
91441900MAEH2UCU28,广东神州低空经济有限公司,广东神州低空经济有限公司,标准名
91441900MAEH2UCU28,广东神州低空经济有限公司,神州低空经济,简称
91441900MAEKCH4594,广东省华南际航低空经济有限公司,广东省华南际航低空经济有限公司,标准名
91441900MAEKCH4594,广东省华南际航低空经济有限公司,华南际航低空经济,简称
91440300MAEJLUD09A,驭空低空经济发展(深圳)有限公司,驭空低空经济发展(深圳)有限公司,标准名
91440300MAEJLUD09A,驭空低空经济发展(深圳)有限公司,驭空低空经济发展(深圳,简称
91440106MAEJN17N03,广州乐飞低空经济产业发展有限公司,广州乐飞低空经济产业发展有限公司,标准名
91440106MAEJN17N03,广州乐飞低空经济产业发展有限公司,乐飞低空经济产业发展,简称
91440300MAEK68Y602,创未来低空经济(深圳)有限公司,创未来低空经济(深圳)有限公司,标准名
91440300MAEK68Y602,创未来低空经济(深圳)有限公司,创未来低空经济(深圳,简称
91441900MAEJBUCLXW,广东领航低空经济发展有限公司,广东领航低空经济发展有限公司,标准名
91441900MAEJBUCLXW,广东领航低空经济发展有限公司,领航低空经济发展,简称
91440300MAEK331L3R,深圳市粤航低空经济发展有限公司,深圳市粤航低空经济发展有限公司,标准名
91440300MAEK331L3R,深圳市粤航低空经济发展有限公司,粤航低空经济发展,简称
91440115MAELRKG48U,广东翼界低空经济产业发展有限公司,广东翼界低空经济产业发展有限公司,标准名
91440115MAELRKG48U,广东翼界低空经济产业发展有限公司,翼界低空经济产业发展,简称
91440604MAEJYHJN00,广东省华腾低空经济发展有限公司,广东省华腾低空经济发展有限公司,标准名
91440604MAEJYHJN00,广东省华腾低空经济发展有限公司,华腾低空经济发展,简称
91441402MAELQWX6X3,梅州市天翼低空经济发展有限公司,梅州市天翼低空经济发展有限公司,标准名
91441402MAELQWX6X3,梅州市天翼低空经济发展有限公司,梅州市天翼低空经济发展,简称
91440783MAELQYKM35,开平市启航低空经济发展有限公司,开平市启航低空经济发展有限公司,标准名
91440783MAELQYKM35,开平市启航低空经济发展有限公司,开平市启航低空经济发展,简称
91440300MAEL67E375,深圳雄飞低空经济咨询有限公司,深圳雄飞低空经济咨询有限公司,标准名
91440300MAEL67E375,深圳雄飞低空经济咨询有限公司,雄飞低空经济咨询,简称
91440804MAEM09NU9P,湛江高新低空经济发展有限公司,湛江高新低空经济发展有限公司,标准名
91440804MAEM09NU9P,湛江高新低空经济发展有限公司,湛江高新低空经济发展,简称
91440605MAELJ3KG14,佛山小翼低空经济有限公司,佛山小翼低空经济有限公司,标准名
91440605MAELJ3KG14,佛山小翼低空经济有限公司,小翼低空经济,简称
91442000MAEMEJ3U5J,广东开阔低空经济发展有限公司,广东开阔低空经济发展有限公司,标准名
91442000MAEMEJ3U5J,广东开阔低空经济发展有限公司,开阔低空经济发展,简称
91441900MAELFXTF00,广东自由城市低空经济有限公司,广东自由城市低空经济有限公司,标准名
91441900MAELFXTF00,广东自由城市低空经济有限公司,自由城市低空经济,简称
91440300MAELFWN585,广东省航际低空经济有限公司,广东省航际低空经济有限公司,标准名
91440300MAELFWN585,广东省航际低空经济有限公司,航际低空经济,简称
91440606MAEN1L8E1E,佛山八方航聚低空经济有限公司,佛山八方航聚低空经济有限公司,标准名
91440606MAEN1L8E1E,佛山八方航聚低空经济有限公司,八方航聚低空经济,简称
91440300MAELG5BU8Y,华南低空经济产业发展(深圳)有限公司,华南低空经济产业发展(深圳)有限公司,标准名
91440300MAELG5BU8Y,华南低空经济产业发展(深圳)有限公司,华南低空经济产业发展(深圳,简称
91440300MAELLGYQ99,广东省腾天低空经济有限公司,广东省腾天低空经济有限公司,标准名
91440300MAELLGYQ99,广东省腾天低空经济有限公司,腾天低空经济,简称
91440300MAENBX3Y0P,长风低空经济产业发展(深圳)有限公司,长风低空经济产业发展(深圳)有限公司,标准名
91440300MAENBX3Y0P,长风低空经济产业发展(深圳)有限公司,长风低空经济产业发展(深圳,简称
91440607MAEN4EB11C,企易加低空经济(广东)有限公司,企易加低空经济(广东)有限公司,标准名
91440607MAEN4EB11C,企易加低空经济(广东)有限公司,企易加低空经济(广东,简称
91441900MAEPA3RT7G,东莞鸿运低空经济有限公司,东莞鸿运低空经济有限公司,标准名
91441900MAEPA3RT7G,东莞鸿运低空经济有限公司,鸿运低空经济,简称
91440607MAENAYM27T,广东省天功低空经济有限公司,广东省天功低空经济有限公司,标准名
91440607MAENAYM27T,广东省天功低空经济有限公司,天功低空经济,简称
91440300MAEPH3XW87,华翼(深圳)低空经济技术发展有限公司,华翼(深圳)低空经济技术发展有限公司,标准名
91440300MAEPH3XW87,华翼(深圳)低空经济技术发展有限公司,华翼(深圳)低空经济技术发展,简称
91440300MAEPBRPF0F,深圳前海云乐低空经济科技有限公司,深圳前海云乐低空经济科技有限公司,标准名
91440300MAEPBRPF0F,深圳前海云乐低空经济科技有限公司,前海云乐低空经济科技,简称
91441602MAEPC8MH1Y,河源市河航低空经济发展有限公司,河源市河航低空经济发展有限公司,标准名
91441602MAEPC8MH1Y,河源市河航低空经济发展有限公司,河源市河航低空经济发展,简称
91441403MAEN9NC36C,广东振曜低空经济发展有限公司,广东振曜低空经济发展有限公司,标准名
91441403MAEN9NC36C,广东振曜低空经济发展有限公司,振曜低空经济发展,简称
91441625MAEQ20YF65,河源市畅飞低空经济发展有限公司,河源市畅飞低空经济发展有限公司,标准名
91441625MAEQ20YF65,河源市畅飞低空经济发展有限公司,河源市畅飞低空经济发展,简称
91440300MAENB5330E,深圳联全低空经济有限公司,深圳联全低空经济有限公司,标准名
91440300MAENB5330E,深圳联全低空经济有限公司,联全低空经济,简称
91441900MAEP6P7T8Y,广东广宏低空经济有限公司,广东广宏低空经济有限公司,标准名
91441900MAEP6P7T8Y,广东广宏低空经济有限公司,广宏低空经济,简称
91441900MAEQQ4YH4G,广东金凯低空经济发展有限公司,广东金凯低空经济发展有限公司,标准名
91441900MAEQQ4YH4G,广东金凯低空经济发展有限公司,金凯低空经济发展,简称
91440300MAEPW6R08E,深圳蜂网低空经济产业控股有限公司,深圳蜂网低空经济产业控股有限公司,标准名
91440300MAEPW6R08E,深圳蜂网低空经济产业控股有限公司,蜂网低空经济产业控股,简称
91441402MAEPYGBE9N,天链(梅州)低空经济发展有限公司,天链(梅州)低空经济发展有限公司,标准名
91441402MAEPYGBE9N,天链(梅州)低空经济发展有限公司,天链(梅州)低空经济发展,简称
91440300MAER7DM94R,深圳市影石云低空经济有限公司,深圳市影石云低空经济有限公司,标准名
91440300MAER7DM94R,深圳市影石云低空经济有限公司,影石云低空经济,简称
91440982MAETGN471Y,茂名市航宇低空经济有限公司,茂名市航宇低空经济有限公司,标准名
91440982MAETGN471Y,茂名市航宇低空经济有限公司,茂名市航宇低空经济,简称
91441602MAET3E038C,河源市科明低空经济有限公司,河源市科明低空经济有限公司,标准名
91441602MAET3E038C,河源市科明低空经济有限公司,河源市科明低空经济,简称
91440300MAERK9TA7G,深圳市影翎云低空经济有限公司,深圳市影翎云低空经济有限公司,标准名
91440300MAERK9TA7G,深圳市影翎云低空经济有限公司,影翎云低空经济,简称
91441900MAEUUEL56Q,广东金鲲低空经济发展有限公司,广东金鲲低空经济发展有限公司,标准名
91441900MAEUUEL56Q,广东金鲲低空经济发展有限公司,金鲲低空经济发展,简称
91440604MAETLD7DXC,行者无疆低空经济(佛山)有限公司,行者无疆低空经济(佛山)有限公司,标准名
91440604MAETLD7DXC,行者无疆低空经济(佛山)有限公司,行者无疆低空经济(佛山,简称
91440904MAERYC814B,茂名市中鹏低空经济发展有限公司,茂名市中鹏低空经济发展有限公司,标准名
91440904MAERYC814B,茂名市中鹏低空经济发展有限公司,茂名市中鹏低空经济发展,简称
91440904MAERYC814B,茂名市中鹏低空经济发展有限公司,茂名中鹏企业管理咨询有限公司,曾用名
91445202MAETKJWJ9K,揭阳市云冀低空经济发展有限公司,揭阳市云冀低空经济发展有限公司,标准名
91445202MAETKJWJ9K,揭阳市云冀低空经济发展有限公司,揭阳市云冀低空经济发展,简称
91440300MAETKFNC3D,中科天予(深圳)低空经济科技有限公司,中科天予(深圳)低空经济科技有限公司,标准名
91440300MAETKFNC3D,中科天予(深圳)低空经济科技有限公司,中科天予(深圳)低空经济科技,简称
91440300MAEURBA27F,深圳市海之林低空经济有限公司,深圳市海之林低空经济有限公司,标准名
91440300MAEURBA27F,深圳市海之林低空经济有限公司,海之林低空经济,简称
91440300MAEWEQXF1H,深圳诺亚低空经济有限公司,深圳诺亚低空经济有限公司,标准名
91440300MAEWEQXF1H,深圳诺亚低空经济有限公司,诺亚低空经济,简称
91440300MAEU32QE1D,中科扬晟(深圳)低空经济科技有限公司,中科扬晟(深圳)低空经济科技有限公司,标准名
91440300MAEU32QE1D,中科扬晟(深圳)低空经济科技有限公司,中科扬晟(深圳)低空经济科技,简称
91442000MAEU6LH75D,中山市香山低空经济发展有限公司,中山市香山低空经济发展有限公司,标准名
91442000MAEU6LH75D,中山市香山低空经济发展有限公司,中山市香山低空经济发展,简称
91440281MAEX9YFH99,韶关市云科低空经济有限公司,韶关市云科低空经济有限公司,标准名
91440281MAEX9YFH99,韶关市云科低空经济有限公司,韶关市云科低空经济,简称
91440300MAEXUA8B4H,大黄蜂(深圳)低空经济发展有限公司,大黄蜂(深圳)低空经济发展有限公司,标准名
91440300MAEXUA8B4H,大黄蜂(深圳)低空经济发展有限公司,大黄蜂(深圳)低空经济发展,简称
91440300MAEX418N60,广东中能华航低空经济产业有限公司,广东中能华航低空经济产业有限公司,标准名
91440300MAEX418N60,广东中能华航低空经济产业有限公司,中能华航低空经济产业,简称
91440300MAEWNUQH31,广东中威低空经济产业有限公司,广东中威低空经济产业有限公司,标准名
91440300MAEWNUQH31,广东中威低空经济产业有限公司,中威低空经济产业,简称
91440300MAEXJMB810,深圳市泽晟低空经济产业有限公司,深圳市泽晟低空经济产业有限公司,标准名
91440300MAEXJMB810,深圳市泽晟低空经济产业有限公司,泽晟低空经济产业,简称
91440803MAG0E3JL30,广东辉跃低空经济发展有限公司,广东辉跃低空经济发展有限公司,标准名
91440803MAG0E3JL30,广东辉跃低空经济发展有限公司,辉跃低空经济发展,简称
91440300MAG14HRFX8,深圳乘势低空经济有限公司,深圳乘势低空经济有限公司,标准名
91440300MAG14HRFX8,深圳乘势低空经济有限公司,乘势低空经济,简称
91440300MAG1QL9F6N,深圳哈佤盛世低空经济有限公司,深圳哈佤盛世低空经济有限公司,标准名
91440300MAG1QL9F6N,深圳哈佤盛世低空经济有限公司,哈佤盛世低空经济,简称
91440300MA5J33GC8U,深圳市哈瓦特低空经济有限公司,深圳市哈瓦特低空经济有限公司,标准名
91440300MA5J33GC8U,深圳市哈瓦特低空经济有限公司,哈瓦特低空经济,简称
91440703MAK05WQN1A,江门市华翼低空经济有限公司,江门市华翼低空经济有限公司,标准名
91440703MAK05WQN1A,江门市华翼低空经济有限公司,江门市华翼低空经济,简称
91441224MAK133L02E,广东翼启未来低空经济有限公司,广东翼启未来低空经济有限公司,标准名
91441224MAK133L02E,广东翼启未来低空经济有限公司,翼启未来低空经济,简称
91441900MAK2RYB21M,广东科基壹号低空经济发展有限公司,广东科基壹号低空经济发展有限公司,标准名
91441900MAK2RYB21M,广东科基壹号低空经济发展有限公司,科基壹号低空经济发展,简称
91440606MAK1K7P876,航基低空经济发展(佛山)有限公司,航基低空经济发展(佛山)有限公司,标准名
91440606MAK1K7P876,航基低空经济发展(佛山)有限公司,航基低空经济发展(佛山,简称
91441702MAK0WHPL5F,阳江市仲国低空经济发展有限公司,阳江市仲国低空经济发展有限公司,标准名
91441702MAK0WHPL5F,阳江市仲国低空经济发展有限公司,阳江市仲国低空经济发展,简称
91440300MAK0WFH07J,深圳市领翼低空经济科技有限公司,深圳市领翼低空经济科技有限公司,标准名
91440300MAK0WFH07J,深圳市领翼低空经济科技有限公司,领翼低空经济科技,简称
91440883MAK14DHG0Q,吴川云图低空经济发展有限公司,吴川云图低空经济发展有限公司,标准名
91440883MAK14DHG0Q,吴川云图低空经济发展有限公司,吴川云图低空经济发展,简称
91440605MAK39BMH41,广东适航低空经济发展有限公司,广东适航低空经济发展有限公司,标准名
91440605MAK39BMH41,广东适航低空经济发展有限公司,适航低空经济发展,简称
91440825MAK3KEYQ2H,徐闻县海峡低空经济发展有限公司,徐闻县海峡低空经济发展有限公司,标准名
91440825MAK3KEYQ2H,徐闻县海峡低空经济发展有限公司,徐闻县海峡低空经济发展,简称
91440300MAK27UT776,航飞(深圳)低空经济有限公司,航飞(深圳)低空经济有限公司,标准名
91440300MAK27UT776,航飞(深圳)低空经济有限公司,航飞(深圳)低空经济,简称
91440105MAK42HGN4P,广东伏羲产教低空经济研究有限公司,广东伏羲产教低空经济研究有限公司,标准名
91440105MAK42HGN4P,广东伏羲产教低空经济研究有限公司,伏羲产教低空经济研究,简称
91441284MAK4D0AG2J,广东创富低空经济发展有限公司,广东创富低空经济发展有限公司,标准名
91441284MAK4D0AG2J,广东创富低空经济发展有限公司,创富低空经济发展,简称
91441802MAK33JK44P,清远市共创低空经济发展有限公司,清远市共创低空经济发展有限公司,标准名
91441802MAK33JK44P,清远市共创低空经济发展有限公司,清远市共创低空经济发展,简称
91440101MA9Y4QXN52,广州数航低空经济有限公司,广州数航低空经济有限公司,标准名
91440101MA9Y4QXN52,广州数航低空经济有限公司,数航低空经济,简称
91440101MA9Y4QXN52,广州数航低空经济有限公司,广州诚赤贸易有限公司,曾用名
91440101MA9Y4QXN52,广州数航低空经济有限公司,广州飞隆贸易有限公司,曾用名
91440101MA9Y4QXN52,广州数航低空经济有限公司,广州喆隆贸易有限公司,曾用名
91440512MAEA5UUA3F,广东九域低空经济发展企业(有限合伙),广东九域低空经济发展企业(有限合伙),标准名
91440512MAEA5UUA3F,广东九域低空经济发展企业(有限合伙),九域低空经济发展企业(有限合伙,简称
91441322MAK3MMFR2N,鹏城低空经济发展(博罗)有限公司,鹏城低空经济发展(博罗)有限公司,标准名
91441322MAK3MMFR2N,鹏城低空经济发展(博罗)有限公司,鹏城低空经济发展(博罗,简称
91440300MADR1F191Q,飞拍低空经济发展(深圳)有限公司,飞拍低空经济发展(深圳)有限公司,标准名
91440300MADR1F191Q,飞拍低空经济发展(深圳)有限公司,飞拍低空经济发展(深圳,简称
91440300MADR1F191Q,飞拍低空经济发展(深圳)有限公司,深圳市弘成商务有限公司,曾用名
91440300MAE51Y9E7W,深圳市中云链低空经济产业有限公司,深圳市中云链低空经济产业有限公司,标准名
91440300MAE51Y9E7W,深圳市中云链低空经济产业有限公司,中云链低空经济产业,简称
91440300MAEA130W72,深商低空经济发展(深圳)有限公司,深商低空经济发展(深圳)有限公司,标准名
91440300MAEA130W72,深商低空经济发展(深圳)有限公司,深商低空经济发展(深圳,简称
91441900MAEAP2PY0F,中疆低空经济(广东省)有限公司,中疆低空经济(广东省)有限公司,标准名
91441900MAEAP2PY0F,中疆低空经济(广东省)有限公司,中疆低空经济(广东省,简称
91440300MAEDB90C72,深启低空经济产业服务(深圳)有限公司,深启低空经济产业服务(深圳)有限公司,标准名
91440300MAEDB90C72,深启低空经济产业服务(深圳)有限公司,深启低空经济产业服务(深圳,简称
91440300MAED90P37T,惠飞低空经济(深圳)有限公司,惠飞低空经济(深圳)有限公司,标准名
91440300MAED90P37T,惠飞低空经济(深圳)有限公司,惠飞低空经济(深圳,简称
91440300MAEDE33R9J,幸福(深圳)低空经济产业发展有限公司,幸福(深圳)低空经济产业发展有限公司,标准名
91440300MAEDE33R9J,幸福(深圳)低空经济产业发展有限公司,幸福(深圳)低空经济产业发展,简称
91440300MAEHMUTR5N,上云端(深圳)低空经济有限公司,上云端(深圳)低空经济有限公司,标准名
91440300MAEHMUTR5N,上云端(深圳)低空经济有限公司,上云端(深圳)低空经济,简称
91440300MAEGXW0D0R,深圳市祥云游低空经济有限公司,深圳市祥云游低空经济有限公司,标准名
91440300MAEGXW0D0R,深圳市祥云游低空经济有限公司,祥云游低空经济,简称
91440300MAEWBXFP17,深圳中安低空经济有限公司,深圳中安低空经济有限公司,标准名
91440300MAEWBXFP17,深圳中安低空经济有限公司,中安低空经济,简称
91440300MAEUAQ6H2J,深圳市航铁低空经济有限公司,深圳市航铁低空经济有限公司,标准名
91440300MAEUAQ6H2J,深圳市航铁低空经济有限公司,航铁低空经济,简称
91440300MA5FDMWF7P,深圳蜂王低空经济科技发展有限公司,深圳蜂王低空经济科技发展有限公司,标准名
91440300MA5FDMWF7P,深圳蜂王低空经济科技发展有限公司,蜂王低空经济科技发展,简称
91440300MA5FDMWF7P,深圳蜂王低空经济科技发展有限公司,深圳市福田区自成蹊教育培训中心有限公司,曾用名
91440204MAELK3R007,韶关飞鹏低空经济发展有限公司,韶关飞鹏低空经济发展有限公司,标准名
91440204MAELK3R007,韶关飞鹏低空经济发展有限公司,韶关飞鹏低空经济发展,简称
91440300MAK09GGF0T,深圳云鸽低空经济产业发展有限公司,深圳云鸽低空经济产业发展有限公司,标准名
91440300MAK09GGF0T,深圳云鸽低空经济产业发展有限公司,云鸽低空经济产业发展,简称
91441900MA7MMBW89K,广东明睿低空经济发展有限公司,广东明睿低空经济发展有限公司,标准名
91441900MA7MMBW89K,广东明睿低空经济发展有限公司,明睿低空经济发展,简称
91441900MA7MMBW89K,广东明睿低空经济发展有限公司,广东明盛信息科技有限公司,曾用名
91440300MA5HT2QN9Y,中科(深圳)低空经济发展有限公司,中科(深圳)低空经济发展有限公司,标准名
91440300MA5HT2QN9Y,中科(深圳)低空经济发展有限公司,中科(深圳)低空经济发展,简称
91440300MA5HT2QN9Y,中科(深圳)低空经济发展有限公司,深圳银融产业发展有限公司,曾用名
91441900582951593K,东莞市汇成低空经济有限公司,东莞市汇成低空经济有限公司,标准名
91441900582951593K,东莞市汇成低空经济有限公司,汇成低空经济,简称
91441900582951593K,东莞市汇成低空经济有限公司,东莞市慧港知识产权代理有限公司,曾用名
91440300MA5EGPNX0H,厚德低空经济(深圳)有限公司,厚德低空经济(深圳)有限公司,标准名
91440300MA5EGPNX0H,厚德低空经济(深圳)有限公司,厚德低空经济(深圳,简称
91440300MA5EGPNX0H,厚德低空经济(深圳)有限公司,华商票据服务（深圳）有限公司,曾用名
91440300MA5HJPDN4T,云梭创新低空经济(深圳)有限公司,云梭创新低空经济(深圳)有限公司,标准名
91440300MA5HJPDN4T,云梭创新低空经济(深圳)有限公司,云梭创新低空经济(深圳,简称
91440300MA5HJPDN4T,云梭创新低空经济(深圳)有限公司,深圳市芯胜拓普电子有限公司,曾用名
91440606MAD0MKTK3L,佛山市源通尚榕低空经济有限公司,佛山市源通尚榕低空经济有限公司,标准名
91440606MAD0MKTK3L,佛山市源通尚榕低空经济有限公司,源通尚榕低空经济,简称
91440606MAD0MKTK3L,佛山市源通尚榕低空经济有限公司,佛山市源通尚榕文化传播有限公司,曾用名
91442000MAE9YWDM6D,中山华特雅低空经济发展有限公司,中山华特雅低空经济发展有限公司,标准名
91442000MAE9YWDM6D,中山华特雅低空经济发展有限公司,中山华特雅低空经济发展,简称
91441900MA52GEU12J,美江智飞(东莞)低空经济有限公司,美江智飞(东莞)低空经济有限公司,标准名
91441900MA52GEU12J,美江智飞(东莞)低空经济有限公司,美江智飞(东莞)低空经济,简称
91441900MA52GEU12J,美江智飞(东莞)低空经济有限公司,东莞市美江农业生物科技有限公司,曾用名
91440112MA7M7Y7Q8D,广州智航低空经济产业发展有限公司,广州智航低空经济产业发展有限公司,标准名
91440112MA7M7Y7Q8D,广州智航低空经济产业发展有限公司,智航低空经济产业发展,简称
91440112MA7M7Y7Q8D,广州智航低空经济产业发展有限公司,广州农穗科技有限公司,曾用名
91440300MAK4FCE6XU,哈深低空经济(深圳)有限公司,哈深低空经济(深圳)有限公司,标准名
91440300MAK4FCE6XU,哈深低空经济(深圳)有限公司,哈深低空经济(深圳,简称
91440400MACN71M6XE,广东横琴东昇防务科技有限公司,广东横琴东昇防务科技有限公司,标准名
91440400MACN71M6XE,广东横琴东昇防务科技有限公司,横琴东昇防务科技,简称
91440400MACN71M6XE,广东横琴东昇防务科技有限公司,珠海市东昇防务科技有限公司,曾用名
91440105MAK2UP1Y19,广州低空智联科技有限公司,广州低空智联科技有限公司,标准名
91440105MAK2UP1Y19,广州低空智联科技有限公司,低空智联科技,简称
91440300MA5G079M7T,深圳市英武低空文旅开发有限公司,深圳市英武低空文旅开发有限公司,标准名
91440300MA5G079M7T,深圳市英武低空文旅开发有限公司,英武低空文旅开发,简称
91440300MA5G079M7T,深圳市英武低空文旅开发有限公司,深圳市三思天空文旅开发有限公司,曾用名
91440300MA5G079M7T,深圳市英武低空文旅开发有限公司,深圳市聚聚文化娱乐有限公司,曾用名
91440300MA5EPJMFX9,深圳市域建低空科技有限公司,深圳市域建低空科技有限公司,标准名
91440300MA5EPJMFX9,深圳市域建低空科技有限公司,域建低空科技,简称
91440300MA5EPJMFX9,深圳市域建低空科技有限公司,深圳市库库众一科技有限公司,曾用名
91440106MA9YBRU5X5,立体救援应急服务(广东)有限公司,立体救援应急服务(广东)有限公司,标准名
91440106MA9YBRU5X5,立体救援应急服务(广东)有限公司,立体救援应急服务(广东,简称
91440300MA5H9G3X3X,广东跃洲智航低空科技有限公司,广东跃洲智航低空科技有限公司,标准名
91440300MA5H9G3X3X,广东跃洲智航低空科技有限公司,跃洲智航低空科技,简称
91440300MA5H9G3X3X,广东跃洲智航低空科技有限公司,深圳市瑶舍健康管理科技有限公司,曾用名
91440300MA5HQPHF2J,交换星球(深圳)文旅有限公司,交换星球(深圳)文旅有限公司,标准名
91440300MA5HQPHF2J,交换星球(深圳)文旅有限公司,交换星球(深圳)文旅,简称
91440300MA5HQPHF2J,交换星球(深圳)文旅有限公司,深圳大信航空科技发展有限公司,曾用名
91440300MA5HU8FG36,深圳市亿芯智慧应急科技有限公司,深圳市亿芯智慧应急科技有限公司,标准名
91440300MA5HU8FG36,深圳市亿芯智慧应急科技有限公司,亿芯智慧应急科技,简称
91440112MACPH1WR10,广东低空产业链发展有限公司,广东低空产业链发展有限公司,标准名
91440112MACPH1WR10,广东低空产业链发展有限公司,低空产业链发展,简称
91440112MACPH1WR10,广东低空产业链发展有限公司,广东省白云会俱乐部有限公司,曾用名
91610131MACTB0W17D,深圳高度创新低空产业发展有限公司,深圳高度创新低空产业发展有限公司,标准名
91610131MACTB0W17D,深圳高度创新低空产业发展有限公司,高度创新低空产业发展,简称
91610131MACTB0W17D,深圳高度创新低空产业发展有限公司,西安凌众智飞科技有限公司,曾用名
91610131MACTB0W17D,深圳高度创新低空产业发展有限公司,深圳凌众智飞科技有限公司,曾用名
91440606MADB71GE84,三易归藏(广东顺德)大健康产业投资有限公司,三易归藏(广东顺德)大健康产业投资有限公司,标准名
91440606MADB71GE84,三易归藏(广东顺德)大健康产业投资有限公司,三易归藏(广东顺德)大健康产业投资,简称
91440606MADB71GE84,三易归藏(广东顺德)大健康产业投资有限公司,用钜峻大健康管理（佛山市）有限公司,曾用名
91441802MADJNGFD90,广东低空产业建设发展有限公司,广东低空产业建设发展有限公司,标准名
91441802MADJNGFD90,广东低空产业建设发展有限公司,低空产业建设发展,简称
91440112MADP0WB43M,低空(广东)经济咨询服务有限公司,低空(广东)经济咨询服务有限公司,标准名
91440112MADP0WB43M,低空(广东)经济咨询服务有限公司,低空(广东)经济咨询服务,简称
91440111MADQL9HA3K,低空产业园投资(广东)有限公司,低空产业园投资(广东)有限公司,标准名
91440111MADQL9HA3K,低空产业园投资(广东)有限公司,低空产业园投资(广东,简称
91440605MADWUWTF89,佛山市鹏城低空经济技术发展有限公司,佛山市鹏城低空经济技术发展有限公司,标准名
91440605MADWUWTF89,佛山市鹏城低空经济技术发展有限公司,鹏城低空经济技术发展,简称
91440300MAE1748DXJ,深圳市空驭未来低空经济产业服务有限公司,深圳市空驭未来低空经济产业服务有限公司,标准名
91440300MAE1748DXJ,深圳市空驭未来低空经济产业服务有限公司,空驭未来低空经济产业服务,简称
91440104MAE6L3P34R,广东省城市低空经济产业研究院有限公司,广东省城市低空经济产业研究院有限公司,标准名
91440104MAE6L3P34R,广东省城市低空经济产业研究院有限公司,城市低空经济产业研究院,简称
91440300MAE8L4929M,深圳市鹏城低空新基建科技有限公司,深圳市鹏城低空新基建科技有限公司,标准名
91440300MAE8L4929M,深圳市鹏城低空新基建科技有限公司,鹏城低空新基建科技,简称
91440104MAEABDW86E,广州吉祥鸟低空科技有限公司,广州吉祥鸟低空科技有限公司,标准名
91440104MAEABDW86E,广州吉祥鸟低空科技有限公司,吉祥鸟低空科技,简称
91441602MAEA15P26X,深河飞鹰(河源)无人机培训有限公司,深河飞鹰(河源)无人机培训有限公司,标准名
91441602MAEA15P26X,深河飞鹰(河源)无人机培训有限公司,深河飞鹰(河源)无人机培训,简称
91440117MAE9WT9K5L,中研航空服务(广东)有限公司,中研航空服务(广东)有限公司,标准名
91440117MAE9WT9K5L,中研航空服务(广东)有限公司,中研航空服务(广东,简称
91440300MAEAQBMR4Q,鹏城低空(深圳)运营管理有限公司,鹏城低空(深圳)运营管理有限公司,标准名
91440300MAEAQBMR4Q,鹏城低空(深圳)运营管理有限公司,鹏城低空(深圳)运营管理,简称
91440113MAEGE9YF7Y,雨燕航翼低空经济产业发展(广东)有限公司,雨燕航翼低空经济产业发展(广东)有限公司,标准名
91440113MAEGE9YF7Y,雨燕航翼低空经济产业发展(广东)有限公司,雨燕航翼低空经济产业发展(广东,简称
91440112MAEJTL11X3,广东省产教融合低空经济研究有限公司,广东省产教融合低空经济研究有限公司,标准名
91440112MAEJTL11X3,广东省产教融合低空经济研究有限公司,产教融合低空经济研究,简称
91440106MAENR09P20,广东乾元智航低空港经济发展有限公司,广东乾元智航低空港经济发展有限公司,标准名
91440106MAENR09P20,广东乾元智航低空港经济发展有限公司,乾元智航低空港经济发展,简称
91441802MAENG4A48J,广东中彩航科低空经济发展有限公司,广东中彩航科低空经济发展有限公司,标准名
91441802MAENG4A48J,广东中彩航科低空经济发展有限公司,中彩航科低空经济发展,简称
91440112MAEPABCM6Y,城市智运(广东)科技有限公司,城市智运(广东)科技有限公司,标准名
91440112MAEPABCM6Y,城市智运(广东)科技有限公司,城市智运(广东)科技,简称
91441802MAERRP0J8Y,广东共跃低空科技有限公司,广东共跃低空科技有限公司,标准名
91441802MAERRP0J8Y,广东共跃低空科技有限公司,共跃低空科技,简称
91440300MAEXT7F05K,深圳鹏翔云飞低空经济发展有限公司,深圳鹏翔云飞低空经济发展有限公司,标准名
91440300MAEXT7F05K,深圳鹏翔云飞低空经济发展有限公司,鹏翔云飞低空经济发展,简称
91440300MAK0FPRT2G,亚太智慧(广东)低空经济产业有限公司,亚太智慧(广东)低空经济产业有限公司,标准名
91440300MAK0FPRT2G,亚太智慧(广东)低空经济产业有限公司,亚太智慧(广东)低空经济产业,简称
91440114MAK1P8A578,广东创翼低空产业发展有限公司,广东创翼低空产业发展有限公司,标准名
91440114MAK1P8A578,广东创翼低空产业发展有限公司,创翼低空产业发展,简称
91440300MAK4N5KM3T,京兰长绿(深圳)低空控股有限公司,京兰长绿(深圳)低空控股有限公司,标准名
91440300MAK4N5KM3T,京兰长绿(深圳)低空控股有限公司,京兰长绿(深圳)低空控股,简称
91440300MA5F99GL73,深圳市毕方智慧低空经济科技发展有限公司,深圳市毕方智慧低空经济科技发展有限公司,标准名
91440300MA5F99GL73,深圳市毕方智慧低空经济科技发展有限公司,毕方智慧低空经济科技发展,简称
91440300MA5F99GL73,深圳市毕方智慧低空经济科技发展有限公司,深圳真品轩餐饮管理有限公司,曾用名
91440300MA5F99GL73,深圳市毕方智慧低空经济科技发展有限公司,深圳艺博轩管理有限公司,曾用名
91440800MA4X75CC0R,湛江市九霄低空科技有限公司,湛江市九霄低空科技有限公司,标准名
91440800MA4X75CC0R,湛江市九霄低空科技有限公司,湛江市九霄低空科技,简称
91440800MA4X75CC0R,湛江市九霄低空科技有限公司,湛江市大汉新能源科技工程有限公司,曾用名
91440800MA4X75CC0R,湛江市九霄低空科技有限公司,湛江市大汉新能源科技有限公司,曾用名
91440300MA5HGYK84H,深圳市西宝低空经济产业发展有限公司,深圳市西宝低空经济产业发展有限公司,标准名
91440300MA5HGYK84H,深圳市西宝低空经济产业发展有限公司,西宝低空经济产业发展,简称
91440300MA5HGYK84H,深圳市西宝低空经济产业发展有限公司,深圳市西宝企业咨询有限公司,曾用名
91440300MADH53482F,云海中城低空经济产业发展(深圳)有限公司,云海中城低空经济产业发展(深圳)有限公司,标准名
91440300MADH53482F,云海中城低空经济产业发展(深圳)有限公司,云海中城低空经济产业发展(深圳,简称
91440114MAK04WK853,广州低空云图科技有限公司,广州低空云图科技有限公司,标准名
91440114MAK04WK853,广州低空云图科技有限公司,低空云图科技,简称
91440300MAK3507E22,中科赛尔健康科技(深圳)有限公司,中科赛尔健康科技(深圳)有限公司,标准名
91440300MAK3507E22,中科赛尔健康科技(深圳)有限公司,中科赛尔健康科技(深圳,简称
91440104MAK388UJ8T,广州未来之星国际航空发展有限公司,广州未来之星国际航空发展有限公司,标准名
91440104MAK388UJ8T,广州未来之星国际航空发展有限公司,未来之星国际航空发展,简称
91440300MA5DN6FT2X,深圳市龙源生物科技有限责任公司,深圳市龙源生物科技有限责任公司,标准名
91440300MA5DN6FT2X,深圳市龙源生物科技有限责任公司,龙源生物科技,简称
91440300MA5DN6FT2X,深圳市龙源生物科技有限责任公司,深圳万中雷科技有限公司,曾用名
91440300MA5GET2B9L,兄弟广告传媒(深圳)有限公司,兄弟广告传媒(深圳)有限公司,标准名
91440300MA5GET2B9L,兄弟广告传媒(深圳)有限公司,兄弟广告传媒(深圳,简称
91440300MACMX67A13,深圳领航低空文旅有限公司,深圳领航低空文旅有限公司,标准名
91440300MACMX67A13,深圳领航低空文旅有限公司,领航低空文旅,简称
91440300MAE5C90Y5H,深圳科比特重明鸟低空经济产业发展有限公司,深圳科比特重明鸟低空经济产业发展有限公司,标准名
91440300MAE5C90Y5H,深圳科比特重明鸟低空经济产业发展有限公司,科比特重明鸟低空经济产业发展,简称
91440112MAEAN8NQ8N,广州来飞低空科技发展有限公司,广州来飞低空科技发展有限公司,标准名
91440112MAEAN8NQ8N,广州来飞低空科技发展有限公司,来飞低空科技发展,简称
91441625MAEFWFK682,河源市万绿湖低空经济发展有限公司,河源市万绿湖低空经济发展有限公司,标准名
91441625MAEFWFK682,河源市万绿湖低空经济发展有限公司,河源市万绿湖低空经济发展,简称
91440115MAELF72PXW,天空城(广东)低空经济产业发展有限公司,天空城(广东)低空经济产业发展有限公司,标准名
91440115MAELF72PXW,天空城(广东)低空经济产业发展有限公司,天空城(广东)低空经济产业发展,简称
91440402MAK1DE8C2M,珠海翼航低空科技有限公司,珠海翼航低空科技有限公司,标准名
91440402MAK1DE8C2M,珠海翼航低空科技有限公司,翼航低空科技,简称
91440300MA5EC3117K,翼行云港低空产业(深圳)有限公司,翼行云港低空产业(深圳)有限公司,标准名
91440300MA5EC3117K,翼行云港低空产业(深圳)有限公司,翼行云港低空产业(深圳,简称
91440300MA5EC3117K,翼行云港低空产业(深圳)有限公司,深圳市霞美科技有限公司,曾用名
91440300342489547L,深圳市玖玖隆低空经济产业咨询有限公司,深圳市玖玖隆低空经济产业咨询有限公司,标准名
91440300342489547L,深圳市玖玖隆低空经济产业咨询有限公司,玖玖隆低空经济产业咨询,简称
91440300342489547L,深圳市玖玖隆低空经济产业咨询有限公司,深圳市星美通新能源汽车租赁有限公司,曾用名
91440300MADX8FEJX3,深圳宝昇一号投资合伙企业(有限合伙),深圳宝昇一号投资合伙企业(有限合伙),标准名
91440300MADX8FEJX3,深圳宝昇一号投资合伙企业(有限合伙),宝昇一号投资合伙企业(有限合伙,简称
91441802MAEX4QTJ58,清远市小飞鸡文化发展有限公司,清远市小飞鸡文化发展有限公司,标准名
91441802MAEX4QTJ58,清远市小飞鸡文化发展有限公司,清远市小飞鸡文化发展,简称
91440300MA5DMJKM7X,深圳馨贵海洋文化服务有限公司,深圳馨贵海洋文化服务有限公司,标准名
91440300MA5DMJKM7X,深圳馨贵海洋文化服务有限公司,馨贵海洋文化服务,简称
91440300MA5DMJKM7X,深圳馨贵海洋文化服务有限公司,深圳前海家缘游艇管理服务有限公司,曾用名
91440300MA5DMJKM7X,深圳馨贵海洋文化服务有限公司,深圳前海悠然一品游艇管理服务有限公司,曾用名
91440300MA5DMJKM7X,深圳馨贵海洋文化服务有限公司,深圳前海馨贵海洋文化服务有限公司,曾用名
91440300319535226J,深圳市中科瀚跃科技有限公司,深圳市中科瀚跃科技有限公司,标准名
91440300319535226J,深圳市中科瀚跃科技有限公司,中科瀚跃科技,简称
91440300319535226J,深圳市中科瀚跃科技有限公司,深圳市豪润泰乡餐饮管理有限公司,曾用名
91441302MAENEAJF0L,惠州粤晟美翔龙低空经济发展有限公司,惠州粤晟美翔龙低空经济发展有限公司,标准名
91441302MAENEAJF0L,惠州粤晟美翔龙低空经济发展有限公司,惠州粤晟美翔龙低空经济发展,简称
91440300MA5GNR3F1C,商派湾航空技术服务(深圳)有限公司,商派湾航空技术服务(深圳)有限公司,标准名
91440300MA5GNR3F1C,商派湾航空技术服务(深圳)有限公司,商派湾航空技术服务(深圳,简称
91440101MA9Y42EX0M,广州层城仙谷健康管理有限公司,广州层城仙谷健康管理有限公司,标准名
91440101MA9Y42EX0M,广州层城仙谷健康管理有限公司,层城仙谷健康管理,简称
91440101MA9Y42EX0M,广州层城仙谷健康管理有限公司,全盟在线（广州）电子商务有限公司,曾用名
91440101MA9Y42EX0M,广州层城仙谷健康管理有限公司,广州全盟在线人才发展有限公司,曾用名
91440101MA9Y42EX0M,广州层城仙谷健康管理有限公司,广州砺剑科技产业发展有限公司,曾用名
91440101MA9Y42EX0M,广州层城仙谷健康管理有限公司,广州市鹏城低空经济科技产业发展有限公司,曾用名
91441900MACBC1T79E,东莞市飞会通用航空有限公司,东莞市飞会通用航空有限公司,标准名
91441900MACBC1T79E,东莞市飞会通用航空有限公司,飞会通用航空,简称
91440402MACK7XMB5Q,广东浦睿企业管理咨询有限公司,广东浦睿企业管理咨询有限公司,标准名
91440402MACK7XMB5Q,广东浦睿企业管理咨询有限公司,浦睿企业管理咨询,简称
91441900MAD1LL8N2M,东莞发芽红城市运营服务有限公司,东莞发芽红城市运营服务有限公司,标准名
91441900MAD1LL8N2M,东莞发芽红城市运营服务有限公司,发芽红城市运营服务,简称
91441900MAD1LL8N2M,东莞发芽红城市运营服务有限公司,东莞奇焕信息技术有限公司,曾用名
91440300MADFQJH81G,深圳市智源万联科技有限公司,深圳市智源万联科技有限公司,标准名
91440300MADFQJH81G,深圳市智源万联科技有限公司,智源万联科技,简称
91440300MADUK4NA6H,法谛(深圳)低空智能科技有限公司,法谛(深圳)低空智能科技有限公司,标准名
91440300MADUK4NA6H,法谛(深圳)低空智能科技有限公司,法谛(深圳)低空智能科技,简称
91440300MADXK55L7T,深圳市鹏葵航空科技有限公司,深圳市鹏葵航空科技有限公司,标准名
91440300MADXK55L7T,深圳市鹏葵航空科技有限公司,鹏葵航空科技,简称
91440300MAE2DGJBX1,深圳双龙低空科技有限公司,深圳双龙低空科技有限公司,标准名
91440300MAE2DGJBX1,深圳双龙低空科技有限公司,双龙低空科技,简称
91440300MAE5C9FU8W,深圳低空数智科技有限公司,深圳低空数智科技有限公司,标准名
91440300MAE5C9FU8W,深圳低空数智科技有限公司,低空数智科技,简称
91440300MA5J2Y8LX3,深圳市九天低空经济产业创新中心有限公司,深圳市九天低空经济产业创新中心有限公司,标准名
91440300MA5J2Y8LX3,深圳市九天低空经济产业创新中心有限公司,九天低空经济产业创新中心,简称
91440300MAE6M4XX9M,深圳鹏有文化发展有限公司,深圳鹏有文化发展有限公司,标准名
91440300MAE6M4XX9M,深圳鹏有文化发展有限公司,鹏有文化发展,简称
91440300MAE89D0X4T,深圳思岩逸行科技有限公司,深圳思岩逸行科技有限公司,标准名
91440300MAE89D0X4T,深圳思岩逸行科技有限公司,思岩逸行科技,简称
91440300MAEA1C6R98,翔龙千里(深圳)科技有限公司,翔龙千里(深圳)科技有限公司,标准名
91440300MAEA1C6R98,翔龙千里(深圳)科技有限公司,翔龙千里(深圳)科技,简称
91440300MAEAG35Q1U,深圳市华腾汇航低空经济产业发展有限公司,深圳市华腾汇航低空经济产业发展有限公司,标准名
91440300MAEAG35Q1U,深圳市华腾汇航低空经济产业发展有限公司,华腾汇航低空经济产业发展,简称
91440300MAECPT0L0R,深圳钓域低空科技有限公司,深圳钓域低空科技有限公司,标准名
91440300MAECPT0L0R,深圳钓域低空科技有限公司,钓域低空科技,简称
91440300MAEEPNC00H,深圳光明未来低空产业发展有限公司,深圳光明未来低空产业发展有限公司,标准名
91440300MAEEPNC00H,深圳光明未来低空产业发展有限公司,光明未来低空产业发展,简称
91441304MAEF1HX160,惠州市五维领航低空经济发展有限公司,惠州市五维领航低空经济发展有限公司,标准名
91441304MAEF1HX160,惠州市五维领航低空经济发展有限公司,惠州市五维领航低空经济发展,简称
91440300MAEE13YY3C,翱穹斯登科技(深圳)有限公司,翱穹斯登科技(深圳)有限公司,标准名
91440300MAEE13YY3C,翱穹斯登科技(深圳)有限公司,翱穹斯登科技(深圳,简称
91440300MAEE13YY3C,翱穹斯登科技(深圳)有限公司,穹界低空经济产业（深圳）有限公司,曾用名
91440300MAEGKD300K,深圳市星熹低空产业发展有限公司,深圳市星熹低空产业发展有限公司,标准名
91440300MAEGKD300K,深圳市星熹低空产业发展有限公司,星熹低空产业发展,简称
91440300MAEHW6NY3D,深圳市智周行互联科技有限公司,深圳市智周行互联科技有限公司,标准名
91440300MAEHW6NY3D,深圳市智周行互联科技有限公司,智周行互联科技,简称
91440300MAEHW6NY3D,深圳市智周行互联科技有限公司,中驰（深圳）低空经济有限公司,曾用名
91440300MAEH2NP785,鹏城具身产业发展控股(深圳)有限公司,鹏城具身产业发展控股(深圳)有限公司,标准名
91440300MAEH2NP785,鹏城具身产业发展控股(深圳)有限公司,鹏城具身产业发展控股(深圳,简称
91440106MAEKRLBEXE,广州科竞文化传播有限公司,广州科竞文化传播有限公司,标准名
91440106MAEKRLBEXE,广州科竞文化传播有限公司,科竞文化传播,简称
91440300MAET9GNK18,空联寰动(深圳)低空经济发展有限公司,空联寰动(深圳)低空经济发展有限公司,标准名
91440300MAET9GNK18,空联寰动(深圳)低空经济发展有限公司,空联寰动(深圳)低空经济发展,简称
91440111MAER5NWT8L,吾立低空教学(广州)科技有限公司,吾立低空教学(广州)科技有限公司,标准名
91440111MAER5NWT8L,吾立低空教学(广州)科技有限公司,吾立低空教学(广州)科技,简称
91440300MAETUUQG08,深圳市万钍无人机科技有限公司,深圳市万钍无人机科技有限公司,标准名
91440300MAETUUQG08,深圳市万钍无人机科技有限公司,万钍无人机科技,简称
91440113MAETLY225C,广州低空飞行院有限公司,广州低空飞行院有限公司,标准名
91440113MAETLY225C,广州低空飞行院有限公司,低空飞行院,简称
91440300MAEUY2U95N,鹏城低空科技咨询(深圳)合伙企业(有限合伙),鹏城低空科技咨询(深圳)合伙企业(有限合伙),标准名
91440300MAEUY2U95N,鹏城低空科技咨询(深圳)合伙企业(有限合伙),鹏城低空科技咨询(深圳)合伙企业(有限合伙,简称
91440300MAK0A3G16Q,深圳头名低空无人机产业有限公司,深圳头名低空无人机产业有限公司,标准名
91440300MAK0A3G16Q,深圳头名低空无人机产业有限公司,头名低空无人机产业,简称
91440300MAK2CFR97J,深圳市中天低空经济综合服务有限公司,深圳市中天低空经济综合服务有限公司,标准名
91440300MAK2CFR97J,深圳市中天低空经济综合服务有限公司,中天低空经济综合服务,简称
91440300MAK262302G,深圳市超然农业供应链有限公司,深圳市超然农业供应链有限公司,标准名
91440300MAK262302G,深圳市超然农业供应链有限公司,超然农业供应链,简称
914403000638930376,深圳宝旭精密电子有限公司,深圳宝旭精密电子有限公司,标准名
914403000638930376,深圳宝旭精密电子有限公司,宝旭精密电子,简称
914403000638930376,深圳宝旭精密电子有限公司,深圳市宝旭快捷电子有限公司,曾用名
91440116340154997W,我要飞(广州)低空产业发展有限公司,我要飞(广州)低空产业发展有限公司,标准名
91440116340154997W,我要飞(广州)低空产业发展有限公司,我要飞(广州)低空产业发展,简称
91440116340154997W,我要飞(广州)低空产业发展有限公司,广州以勒网络技术有限公司,曾用名
91440105MAECMJC44E,中叶投融(广州)发展控股有限公司,中叶投融(广州)发展控股有限公司,标准名
91440105MAECMJC44E,中叶投融(广州)发展控股有限公司,中叶投融(广州)发展控股,简称
91440106MAD9RNB17B,广州星耕咨询服务有限公司,广州星耕咨询服务有限公司,标准名
91440106MAD9RNB17B,广州星耕咨询服务有限公司,星耕咨询服务,简称
91440300MAE79E1D94,空天低空产业发展研究(深圳)有限公司,空天低空产业发展研究(深圳)有限公司,标准名
91440300MAE79E1D94,空天低空产业发展研究(深圳)有限公司,空天低空产业发展研究(深圳,简称
91440300MAE79E1D94,空天低空产业发展研究(深圳)有限公司,空天产业发展研究（深圳）有限公司,曾用名
91440605MAEA8U1F6J,佛山大雁低空科技有限公司,佛山大雁低空科技有限公司,标准名
91440605MAEA8U1F6J,佛山大雁低空科技有限公司,大雁低空科技,简称
91442000MAEC1EGA0J,迪飞无人机科技(中山)有限公司,迪飞无人机科技(中山)有限公司,标准名
91442000MAEC1EGA0J,迪飞无人机科技(中山)有限公司,迪飞无人机科技(中山,简称
91440300MAEDH2NX9J,深圳市华鲲鹏科技有限公司,深圳市华鲲鹏科技有限公司,标准名
91440300MAEDH2NX9J,深圳市华鲲鹏科技有限公司,华鲲鹏科技,简称
91440300MAEKJYG687,蓝锐华疆(深圳)投资控股有限公司,蓝锐华疆(深圳)投资控股有限公司,标准名
91440300MAEKJYG687,蓝锐华疆(深圳)投资控股有限公司,蓝锐华疆(深圳)投资控股,简称
91440605MAETQ9GM74,佛山市光擎粤和科技有限公司,佛山市光擎粤和科技有限公司,标准名
91440605MAETQ9GM74,佛山市光擎粤和科技有限公司,光擎粤和科技,简称
91440300MACY0MCL8J,鹏城低空飞行服务(深圳)有限公司,鹏城低空飞行服务(深圳)有限公司,标准名
91440300MACY0MCL8J,鹏城低空飞行服务(深圳)有限公司,鹏城低空飞行服务(深圳,简称
91440300MA5GLT1P5D,广东省元渔夫电子商务有限公司,广东省元渔夫电子商务有限公司,标准名
91440300MA5GLT1P5D,广东省元渔夫电子商务有限公司,元渔夫电子商务,简称
91440300MA5GLT1P5D,广东省元渔夫电子商务有限公司,深海渔夫电子商务（广东）有限公司,曾用名
91440300MAETXK8Q71,深圳市鹏城天境企业管理合伙企业(有限合伙),深圳市鹏城天境企业管理合伙企业(有限合伙),标准名
91440300MAETXK8Q71,深圳市鹏城天境企业管理合伙企业(有限合伙),鹏城天境企业管理合伙企业(有限合伙,简称
91441300MA55LE5EXE,玖禾未来(深圳)科技有限公司,玖禾未来(深圳)科技有限公司,标准名
91441300MA55LE5EXE,玖禾未来(深圳)科技有限公司,玖禾未来(深圳)科技,简称
91441300MA55LE5EXE,玖禾未来(深圳)科技有限公司,餸膳（广东）智能科技有限公司,曾用名
91440300MAG1WG750G,深圳汐律科技有限责任公司,深圳汐律科技有限责任公司,标准名
91440300MAG1WG750G,深圳汐律科技有限责任公司,汐律科技,简称
91440500MAK0CLJFXE,汕头市星熹教育咨询有限公司,汕头市星熹教育咨询有限公司,标准名
91440500MAK0CLJFXE,汕头市星熹教育咨询有限公司,汕头市星熹教育咨询,简称
91440300MA5GH4W59A,深圳市麦芬科技贸易有限公司,深圳市麦芬科技贸易有限公司,标准名
91440300MA5GH4W59A,深圳市麦芬科技贸易有限公司,麦芬科技贸易,简称
91440800MAEED45C76,湛江市云瞰智能低空经济发展合伙企业(有限合伙),湛江市云瞰智能低空经济发展合伙企业(有限合伙),标准名
91440800MAEED45C76,湛江市云瞰智能低空经济发展合伙企业(有限合伙),湛江市云瞰智能低空经济发展合伙企业(有限合伙,简称
91440105MA9YC43G00,广州翼智训低空产业发展有限公司,广州翼智训低空产业发展有限公司,标准名
91440105MA9YC43G00,广州翼智训低空产业发展有限公司,翼智训低空产业发展,简称
91440105MA9YC43G00,广州翼智训低空产业发展有限公司,广州融融圈健康产品科技有限公司,曾用名
91440105MA9YC43G00,广州翼智训低空产业发展有限公司,广州融投低空经济产业发展有限公司,曾用名
91440300MA5HBD4G30,广东氢氢动能技术有限公司,广东氢氢动能技术有限公司,标准名
91440300MA5HBD4G30,广东氢氢动能技术有限公司,氢氢动能技术,简称
91440300MA5HBD4G30,广东氢氢动能技术有限公司,深圳市前海中苏建美投资发展有限公司,曾用名
91440300MA5HR5C41D,鹏城大有产业发展(深圳)合伙企业(有限合伙),鹏城大有产业发展(深圳)合伙企业(有限合伙),标准名
91440300MA5HR5C41D,鹏城大有产业发展(深圳)合伙企业(有限合伙),鹏城大有产业发展(深圳)合伙企业(有限合伙,简称
91440300MADFFCFB4G,深圳蜚廉低空飞行服务有限公司,深圳蜚廉低空飞行服务有限公司,标准名
91440300MADFFCFB4G,深圳蜚廉低空飞行服务有限公司,蜚廉低空飞行服务,简称
91440300MADKEXR315,深圳炜宸低空飞行培训有限公司,深圳炜宸低空飞行培训有限公司,标准名
91440300MADKEXR315,深圳炜宸低空飞行培训有限公司,炜宸低空飞行培训,简称
91440300MADKEXR315,深圳炜宸低空飞行培训有限公司,深圳市博瑞炜宸投资咨询有限公司,曾用名
91440111MADMT14R8M,低空新基建(广州)有限公司,低空新基建(广州)有限公司,标准名
91440111MADMT14R8M,低空新基建(广州)有限公司,低空新基建(广州,简称
91440300MADXKMFR69,深圳市泽云健康管理有限公司,深圳市泽云健康管理有限公司,标准名
91440300MADXKMFR69,深圳市泽云健康管理有限公司,泽云健康管理,简称
91440300MAE7MR4C67,国开智航低空经济产业(深圳)有限公司,国开智航低空经济产业(深圳)有限公司,标准名
91440300MAE7MR4C67,国开智航低空经济产业(深圳)有限公司,国开智航低空经济产业(深圳,简称
91440300MAE9XCT83U,银河创新投资(深圳)有限公司,银河创新投资(深圳)有限公司,标准名
91440300MAE9XCT83U,银河创新投资(深圳)有限公司,银河创新投资(深圳,简称
91440300MAE9XCT83U,银河创新投资(深圳)有限公司,空天低空经济（深圳）有限公司,曾用名
91440300MAEDAJQX62,腾羿低空产业服务(深圳)有限公司,腾羿低空产业服务(深圳)有限公司,标准名
91440300MAEDAJQX62,腾羿低空产业服务(深圳)有限公司,腾羿低空产业服务(深圳,简称
91440300MAEDTJ6N0X,深圳合创云启科技有限公司,深圳合创云启科技有限公司,标准名
91440300MAEDTJ6N0X,深圳合创云启科技有限公司,合创云启科技,简称
91441723MAEKC9A20D,阳江市合源低空经济发展有限责任公司,阳江市合源低空经济发展有限责任公司,标准名
91441723MAEKC9A20D,阳江市合源低空经济发展有限责任公司,阳江市合源低空经济发展,简称
91440104MAEKR7RT68,广州无人足球俱乐部有限公司,广州无人足球俱乐部有限公司,标准名
91440104MAEKR7RT68,广州无人足球俱乐部有限公司,无人足球俱乐部,简称
91440300MAEPP7JNXY,中达盛芯(深圳)低空经济科技有限公司,中达盛芯(深圳)低空经济科技有限公司,标准名
91440300MAEPP7JNXY,中达盛芯(深圳)低空经济科技有限公司,中达盛芯(深圳)低空经济科技,简称
91440802MAEPT6DG3J,湛江锦乾投资有限公司,湛江锦乾投资有限公司,标准名
91440802MAEPT6DG3J,湛江锦乾投资有限公司,湛江锦乾投资,简称
91440300MAEQMN797E,深圳市灵云智飞低空经济发展有限公司,深圳市灵云智飞低空经济发展有限公司,标准名
91440300MAEQMN797E,深圳市灵云智飞低空经济发展有限公司,灵云智飞低空经济发展,简称
91440300MAG1FJA63M,深圳能飞航空科技有限公司,深圳能飞航空科技有限公司,标准名
91440300MAG1FJA63M,深圳能飞航空科技有限公司,能飞航空科技,简称
91440300MA5J3385X8,深圳市南飞低空科技有限公司,深圳市南飞低空科技有限公司,标准名
91440300MA5J3385X8,深圳市南飞低空科技有限公司,南飞低空科技,简称
91440604MAK31Q678F,广东中资盛世投资控股集团有限公司,广东中资盛世投资控股集团有限公司,标准名
91440604MAK31Q678F,广东中资盛世投资控股集团有限公司,中资盛世投资控股集团,简称
91440604MAK31Q678F,广东中资盛世投资控股集团有限公司,广东空天低空经济发展有限公司,曾用名
91440604MAK31Q678F,广东中资盛世投资控股集团有限公司,广东空天低空产业发展有限公司,曾用名
91440604MAK31Q678F,广东中资盛世投资控股集团有限公司,广东省中昇控股集团有限公司,曾用名
91440115MAK3EGUM71,嘉联和低空产业发展(广州)有限责任公司,嘉联和低空产业发展(广州)有限责任公司,标准名
91440115MAK3EGUM71,嘉联和低空产业发展(广州)有限责任公司,嘉联和低空产业发展(广州,简称
91440300MADG6AY287,深圳中新研科技发展有限公司,深圳中新研科技发展有限公司,标准名
91440300MADG6AY287,深圳中新研科技发展有限公司,中新研科技发展,简称
91441381MAETUH6QXJ,惠州市一键起飞低空经济发展有限公司,惠州市一键起飞低空经济发展有限公司,标准名
91441381MAETUH6QXJ,惠州市一键起飞低空经济发展有限公司,惠州市一键起飞低空经济发展,简称
91440300MA5GR5T73K,深圳市圆梦航空教育科技有限公司,深圳市圆梦航空教育科技有限公司,标准名
91440300MA5GR5T73K,深圳市圆梦航空教育科技有限公司,圆梦航空教育科技,简称
91440106MAEGY71H7M,中杉低空经济产业发展(广州)有限公司,中杉低空经济产业发展(广州)有限公司,标准名
91440106MAEGY71H7M,中杉低空经济产业发展(广州)有限公司,中杉低空经济产业发展(广州,简称
91440300MADXCQDG0H,深圳市天安泰低空运营管理中心(有限合伙),深圳市天安泰低空运营管理中心(有限合伙),标准名
91440300MADXCQDG0H,深圳市天安泰低空运营管理中心(有限合伙),天安泰低空运营管理中心(有限合伙,简称
91440104MAELN5780R,次元短剧(广东)科技有限公司,次元短剧(广东)科技有限公司,标准名
91440104MAELN5780R,次元短剧(广东)科技有限公司,次元短剧(广东)科技,简称
91440104MAELN5780R,次元短剧(广东)科技有限公司,广州城市无人清洁科技有限公司,曾用名
91440300MAE8LJ030W,中深空能科技(深圳)有限公司,中深空能科技(深圳)有限公司,标准名
91440300MAE8LJ030W,中深空能科技(深圳)有限公司,中深空能科技(深圳,简称
91440300MAE8LJ030W,中深空能科技(深圳)有限公司,中深智慧低空研究（深圳）有限公司,曾用名
91440300MAD04MH35U,低空创富投资(深圳)合伙企业(有限合伙),低空创富投资(深圳)合伙企业(有限合伙),标准名
91440300MAD04MH35U,低空创富投资(深圳)合伙企业(有限合伙),低空创富投资(深圳)合伙企业(有限合伙,简称
91440300MACYR3PT11,低空创新投资(深圳)合伙企业(有限合伙),低空创新投资(深圳)合伙企业(有限合伙),标准名
91440300MACYR3PT11,低空创新投资(深圳)合伙企业(有限合伙),低空创新投资(深圳)合伙企业(有限合伙,简称
91441900MAEKJLJ610,东莞市星空之王低空经济发展有限公司,东莞市星空之王低空经济发展有限公司,标准名
91441900MAEKJLJ610,东莞市星空之王低空经济发展有限公司,星空之王低空经济发展,简称
91440300MAK50FKJ12,广东亿航低空产业投资有限公司,广东亿航低空产业投资有限公司,标准名
91440300MAK50FKJ12,广东亿航低空产业投资有限公司,亿航低空产业投资,简称
91441283MA54LGH22G,广州尚品自动化设备有限公司,广州尚品自动化设备有限公司,标准名
91441283MA54LGH22G,广州尚品自动化设备有限公司,尚品自动化设备,简称
91441283MA54LGH22G,广州尚品自动化设备有限公司,肇庆市尚品自动化设备有限公司,曾用名
91440300MA5HJ5GD7R,深圳深湾名流飞行俱乐部有限公司,深圳深湾名流飞行俱乐部有限公司,标准名
91440300MA5HJ5GD7R,深圳深湾名流飞行俱乐部有限公司,深湾名流飞行俱乐部,简称
91440300MACLJ3XJ57,深圳市六景企业管理有限公司,深圳市六景企业管理有限公司,标准名
91440300MACLJ3XJ57,深圳市六景企业管理有限公司,六景企业管理,简称
91440300MAE3FPNX18,深圳市旭瑞科技投资合伙企业(有限合伙),深圳市旭瑞科技投资合伙企业(有限合伙),标准名
91440300MAE3FPNX18,深圳市旭瑞科技投资合伙企业(有限合伙),旭瑞科技投资合伙企业(有限合伙,简称
91440300MAEW46261F,深圳金鲲奥维科技有限公司,深圳金鲲奥维科技有限公司,标准名
91440300MAEW46261F,深圳金鲲奥维科技有限公司,金鲲奥维科技,简称
91440300MAEWKDPT25,深圳市知途行旅低空经济有限责任公司,深圳市知途行旅低空经济有限责任公司,标准名
91440300MAEWKDPT25,深圳市知途行旅低空经济有限责任公司,知途行旅低空经济,简称
91440300MAEH1UKE7Y,泽一天和健康管理(深圳)有限责任公司,泽一天和健康管理(深圳)有限责任公司,标准名
91440300MAEH1UKE7Y,泽一天和健康管理(深圳)有限责任公司,泽一天和健康管理(深圳,简称
91440300MAEGXEMW71,中华龙航空(武汉)有限公司深圳低空经济分公司,中华龙航空(武汉)有限公司深圳低空经济分公司,标准名
91440300MAEGXEMW71,中华龙航空(武汉)有限公司深圳低空经济分公司,中华龙航空(武汉)有限公司深圳低空经济分,简称
91440300MAEF0TDK1B,深圳市创鹏众创空间有限公司,深圳市创鹏众创空间有限公司,标准名
91440300MAEF0TDK1B,深圳市创鹏众创空间有限公司,创鹏众创空间,简称
91440300MAK2JM8MXC,中交低空经济(广东)有限公司深圳分公司,中交低空经济(广东)有限公司深圳分公司,标准名
91440300MAK2JM8MXC,中交低空经济(广东)有限公司深圳分公司,中交低空经济(广东)有限公司深圳分,简称
91440300MAE9W3RN3U,深圳市泽善生命健康管理有限公司,深圳市泽善生命健康管理有限公司,标准名
91440300MAE9W3RN3U,深圳市泽善生命健康管理有限公司,泽善生命健康管理,简称
91440300MA5EQ1UN2U,唐基企业管理咨询(深圳)有限公司,唐基企业管理咨询(深圳)有限公司,标准名
91440300MA5EQ1UN2U,唐基企业管理咨询(深圳)有限公司,唐基企业管理咨询(深圳,简称
91440300MAK3Q0C63C,深圳市金鲲天合数智科技有限公司,深圳市金鲲天合数智科技有限公司,标准名
91440300MAK3Q0C63C,深圳市金鲲天合数智科技有限公司,金鲲天合数智科技,简称
91440300MA5GP5342B,深圳年夕企业管理中心(有限合伙),深圳年夕企业管理中心(有限合伙),标准名
91440300MA5GP5342B,深圳年夕企业管理中心(有限合伙),年夕企业管理中心(有限合伙,简称
91440300MAEEDTD40T,鹏疆鹏有(深圳)投资合伙企业(有限合伙),鹏疆鹏有(深圳)投资合伙企业(有限合伙),标准名
91440300MAEEDTD40T,鹏疆鹏有(深圳)投资合伙企业(有限合伙),鹏疆鹏有(深圳)投资合伙企业(有限合伙,简称
91440101MA9ULD0K4U,空港数字经济高新产业孵化器(广州)有限公司,空港数字经济高新产业孵化器(广州)有限公司,标准名
91440101MA9ULD0K4U,空港数字经济高新产业孵化器(广州)有限公司,空港数字经济高新产业孵化器(广州,简称
91440101MA9ULD0K4U,空港数字经济高新产业孵化器(广州)有限公司,弘森数字经济高新产业孵化器（广州）有限公司,曾用名
91440300MAERJ1JC24,福气航空管理(深圳)企业(有限合伙),福气航空管理(深圳)企业(有限合伙),标准名
91440300MAERJ1JC24,福气航空管理(深圳)企业(有限合伙),福气航空管理(深圳)企业(有限合伙,简称
91440300MAEXCMPT4H,天义智能航空科技(深圳)有限公司,天义智能航空科技(深圳)有限公司,标准名
91440300MAEXCMPT4H,天义智能航空科技(深圳)有限公司,天义智能航空科技(深圳,简称
91440300MAEB3T1B45,星耀空科低空科技(深圳)有限公司,星耀空科低空科技(深圳)有限公司,标准名
91440300MAEB3T1B45,星耀空科低空科技(深圳)有限公司,星耀空科低空科技(深圳,简称
91530100MA6MYF7A0U,深圳玖禾嘉谊投资有限公司,深圳玖禾嘉谊投资有限公司,标准名
91530100MA6MYF7A0U,深圳玖禾嘉谊投资有限公司,玖禾嘉谊投资,简称
91530100MA6MYF7A0U,深圳玖禾嘉谊投资有限公司,昆明嘉谊投资有限公司,曾用名
91440300MAEW20NB94,深圳市湘裕数字低空科技发展有限公司,深圳市湘裕数字低空科技发展有限公司,标准名
91440300MAEW20NB94,深圳市湘裕数字低空科技发展有限公司,湘裕数字低空科技发展,简称
91440003MAERM9RF68,广东横琴盛达云翼低空经济产业发展有限公司,广东横琴盛达云翼低空经济产业发展有限公司,标准名
91440003MAERM9RF68,广东横琴盛达云翼低空经济产业发展有限公司,横琴盛达云翼低空经济产业发展,简称
91440300MAEQPAM85F,鹏城未来低空管理(深圳)有限公司,鹏城未来低空管理(深圳)有限公司,标准名
91440300MAEQPAM85F,鹏城未来低空管理(深圳)有限公司,鹏城未来低空管理(深圳,简称
91440300MAEU5JYJ0K,我们的未来(深圳)科技有限公司,我们的未来(深圳)科技有限公司,标准名
91440300MAEU5JYJ0K,我们的未来(深圳)科技有限公司,我们的未来(深圳)科技,简称
91440300MAEAXLU779,深圳众乐乐数字化低空飞行研学科技有限公司,深圳众乐乐数字化低空飞行研学科技有限公司,标准名
91440300MAEAXLU779,深圳众乐乐数字化低空飞行研学科技有限公司,众乐乐数字化低空飞行研学科技,简称
91440300MAEAXLU779,深圳众乐乐数字化低空飞行研学科技有限公司,深圳茶溪谷低空经济航空有限公司,曾用名
91440300MA5FQJQH8M,深圳市索阳控股集团有限公司,深圳市索阳控股集团有限公司,标准名
91440300MA5FQJQH8M,深圳市索阳控股集团有限公司,索阳控股集团,简称
91440300MAG0BB065Y,空天地宇(深圳)科技有限公司,空天地宇(深圳)科技有限公司,标准名
91440300MAG0BB065Y,空天地宇(深圳)科技有限公司,空天地宇(深圳)科技,简称
91440300MAEQPT861T,华南领航低空产业投资(深圳)有限公司,华南领航低空产业投资(深圳)有限公司,标准名
91440300MAEQPT861T,华南领航低空产业投资(深圳)有限公司,华南领航低空产业投资(深圳,简称
91440111MAE478Y379,广东省中遥飞航数智供应链有限公司,广东省中遥飞航数智供应链有限公司,标准名
91440111MAE478Y379,广东省中遥飞航数智供应链有限公司,中遥飞航数智供应链,简称
91440111MAE478Y379,广东省中遥飞航数智供应链有限公司,广东省中遥低空经济研究有限公司,曾用名
91440300MA5G4BBK6W,悟界智能科技(深圳)有限公司,悟界智能科技(深圳)有限公司,标准名
91440300MA5G4BBK6W,悟界智能科技(深圳)有限公司,悟界智能科技(深圳,简称
91440400MA4WND7334,中传低空经济产业发展(珠海)有限公司,中传低空经济产业发展(珠海)有限公司,标准名
91440400MA4WND7334,中传低空经济产业发展(珠海)有限公司,中传低空经济产业发展(珠海,简称
91440400MA4WND7334,中传低空经济产业发展(珠海)有限公司,中传数字文化产业(横琴）有限公司,曾用名
91440300MADP59769Y,深圳反重力科技有限公司,深圳反重力科技有限公司,标准名
91440300MADP59769Y,深圳反重力科技有限公司,反重力科技,简称
91440300MA5DCWM78G,深圳市绿坊酒店管理有限公司,深圳市绿坊酒店管理有限公司,标准名
91440300MA5DCWM78G,深圳市绿坊酒店管理有限公司,绿坊酒店管理,简称
91440300MA5DCWM78G,深圳市绿坊酒店管理有限公司,深圳市坪地南粤春酒楼有限公司,曾用名
91440112MAE0EG1A0A,广州黄埔开投低空经济产业投资基金合伙企业(有限合伙),广州黄埔开投低空经济产业投资基金合伙企业(有限合伙),标准名
91440112MAE0EG1A0A,广州黄埔开投低空经济产业投资基金合伙企业(有限合伙),黄埔开投低空经济产业投资基金合伙企业(有限合伙,简称
91440300MAEN43HT9W,深圳市中科经纬低空科技有限公司,深圳市中科经纬低空科技有限公司,标准名
91440300MAEN43HT9W,深圳市中科经纬低空科技有限公司,中科经纬低空科技,简称
91441900MA51B0103J,玖禾(广东)教育科技发展有限公司,玖禾(广东)教育科技发展有限公司,标准名
91441900MA51B0103J,玖禾(广东)教育科技发展有限公司,玖禾(广东)教育科技发展,简称
91441900MA51B0103J,玖禾(广东)教育科技发展有限公司,东莞玖禾体育产业发展有限公司,曾用名
91440300MADWY61N6W,新山港城建工程(深圳)有限公司,新山港城建工程(深圳)有限公司,标准名
91440300MADWY61N6W,新山港城建工程(深圳)有限公司,新山港城建工程(深圳,简称
91440106MADT3YD25W,广东国都智能科技有限公司,广东国都智能科技有限公司,标准名
91440106MADT3YD25W,广东国都智能科技有限公司,国都智能科技,简称
91440106MADT3YD25W,广东国都智能科技有限公司,广东国都能源发展有限公司,曾用名
91440106MADT3YD25W,广东国都智能科技有限公司,广东国都低空飞行器航空数据服务有限公司,曾用名
91440606MAEE1K5QXJ,佛山康晋云充技术有限公司,佛山康晋云充技术有限公司,标准名
91440606MAEE1K5QXJ,佛山康晋云充技术有限公司,康晋云充技术,简称
91440300311928869Q,合纵凯达电力科技(深圳)有限公司,合纵凯达电力科技(深圳)有限公司,标准名
91440300311928869Q,合纵凯达电力科技(深圳)有限公司,合纵凯达电力科技(深圳,简称
91440300311928869Q,合纵凯达电力科技(深圳)有限公司,深圳市合纵凯达科技有限公司,曾用名
914403003267123581,深圳市嘉泊智慧城市运营管理有限公司,深圳市嘉泊智慧城市运营管理有限公司,标准名
914403003267123581,深圳市嘉泊智慧城市运营管理有限公司,嘉泊智慧城市运营管理,简称
91440300085992060F,广东速腾物流有限公司,广东速腾物流有限公司,标准名
91440300085992060F,广东速腾物流有限公司,速腾物流,简称
91440300MAE3XWP363,深圳市智医库科技合伙企业(有限合伙),深圳市智医库科技合伙企业(有限合伙),标准名
91440300MAE3XWP363,深圳市智医库科技合伙企业(有限合伙),智医库科技合伙企业(有限合伙,简称
91440400MA4UQCBU13,珠海天晴航空航天科技有限公司,珠海天晴航空航天科技有限公司,标准名
91440400MA4UQCBU13,珠海天晴航空航天科技有限公司,天晴航空航天科技,简称
91440400082564730K,珠海市低空产业投资运营有限公司,珠海市低空产业投资运营有限公司,标准名
91440400082564730K,珠海市低空产业投资运营有限公司,低空产业投资运营,简称
91440400082564730K,珠海市低空产业投资运营有限公司,珠海航空城通航飞行服务有限公司,曾用名
91440400MA4ULBA182,海工(珠海)重工有限公司,海工(珠海)重工有限公司,标准名
91440400MA4ULBA182,海工(珠海)重工有限公司,海工(珠海)重工,简称
91440400MA4ULBA182,海工(珠海)重工有限公司,中海福陆重工有限公司,曾用名
91440300MA5FLFKW4K,深圳蜂巢互联科技有限公司,深圳蜂巢互联科技有限公司,标准名
91440300MA5FLFKW4K,深圳蜂巢互联科技有限公司,蜂巢互联科技,简称
91440300MAEE7N1370,深圳市元渔夫海洋生物科技有限公司,深圳市元渔夫海洋生物科技有限公司,标准名
91440300MAEE7N1370,深圳市元渔夫海洋生物科技有限公司,元渔夫海洋生物科技,简称
91440300MAEA71K260,深圳市天泰智能低空经济发展有限公司,深圳市天泰智能低空经济发展有限公司,标准名
91440300MAEA71K260,深圳市天泰智能低空经济发展有限公司,天泰智能低空经济发展,简称
914401065937484197,广东新禾智慧数字科技有限公司,广东新禾智慧数字科技有限公司,标准名
914401065937484197,广东新禾智慧数字科技有限公司,新禾智慧数字科技,简称
914401065937484197,广东新禾智慧数字科技有限公司,广东新禾道信息科技有限公司,曾用名
914401065937484197,广东新禾智慧数字科技有限公司,广州新禾道信息科技有限公司,曾用名
91440300MAEF8TYN33,深圳书宁云翎科技(集团)有限公司,深圳书宁云翎科技(集团)有限公司,标准名
91440300MAEF8TYN33,深圳书宁云翎科技(集团)有限公司,书宁云翎科技(集团,简称
91440300MAEF8TYN33,深圳书宁云翎科技(集团)有限公司,深圳云翎低空科技有限责任公司,曾用名
91440300MAEF8TYN33,深圳书宁云翎科技(集团)有限公司,深圳云翎低空科技（集团）有限公司,曾用名
91440300051525288U,腾宇达低空产业发展(深圳)有限公司,腾宇达低空产业发展(深圳)有限公司,标准名
91440300051525288U,腾宇达低空产业发展(深圳)有限公司,腾宇达低空产业发展(深圳,简称
91440300051525288U,腾宇达低空产业发展(深圳)有限公司,南河庄文化旅游发展（深圳）有限公司,曾用名
91440300051525288U,腾宇达低空产业发展(深圳)有限公司,深圳市豫西贸易有限公司,曾用名
91440300063889652E,深圳市资智通文化科技有限公司,深圳市资智通文化科技有限公司,标准名
91440300063889652E,深圳市资智通文化科技有限公司,资智通文化科技,简称
91440300063889652E,深圳市资智通文化科技有限公司,深圳市资智通教育培训有限公司,曾用名
91440101MA5CLHEG82,玖禾(广东)孵化器有限公司,玖禾(广东)孵化器有限公司,标准名
91440101MA5CLHEG82,玖禾(广东)孵化器有限公司,玖禾(广东)孵化器,简称
91440300MA5F4JEA4E,万基泰科工集团(深圳)有限公司,万基泰科工集团(深圳)有限公司,标准名
91440300MA5F4JEA4E,万基泰科工集团(深圳)有限公司,万基泰科工集团(深圳,简称
91440300MAE9L9KN5D,深圳旷世天鹭低空科技产业管理有限公司,深圳旷世天鹭低空科技产业管理有限公司,标准名
91440300MAE9L9KN5D,深圳旷世天鹭低空科技产业管理有限公司,旷世天鹭低空科技产业管理,简称
91440300MAEDD1RXXB,中恒(深圳)低空产业投资发展有限公司,中恒(深圳)低空产业投资发展有限公司,标准名
91440300MAEDD1RXXB,中恒(深圳)低空产业投资发展有限公司,中恒(深圳)低空产业投资发展,简称
91440300MA5ERQBY5G,玖禾(深圳)生态农业科技有限公司,玖禾(深圳)生态农业科技有限公司,标准名
91440300MA5ERQBY5G,玖禾(深圳)生态农业科技有限公司,玖禾(深圳)生态农业科技,简称
91440300MA5ERQBY5G,玖禾(深圳)生态农业科技有限公司,玖禾（深圳）科技发展有限公司,曾用名
91440300MAET455KX8,中飞智能低空产业基地发展(深圳)有限公司,中飞智能低空产业基地发展(深圳)有限公司,标准名
91440300MAET455KX8,中飞智能低空产业基地发展(深圳)有限公司,中飞智能低空产业基地发展(深圳,简称
91440400MA56ABA18L,御风未来飞行科技(广东)有限公司,御风未来飞行科技(广东)有限公司,标准名
91440400MA56ABA18L,御风未来飞行科技(广东)有限公司,御风未来飞行科技(广东,简称
91440400MA56ABA18L,御风未来飞行科技(广东)有限公司,御风未来飞行科技（珠海）有限公司,曾用名
91440300MA5G4UNT8C,中科科创(深圳)投资集团有限公司,中科科创(深圳)投资集团有限公司,标准名
91440300MA5G4UNT8C,中科科创(深圳)投资集团有限公司,中科科创(深圳)投资集团,简称
91440300MA5G4UNT8C,中科科创(深圳)投资集团有限公司,华中（深圳）非融资性担保有限公司,曾用名
91440300MA5G4UNT8C,中科科创(深圳)投资集团有限公司,国融联投跨境投资（深圳）集团有限公司,曾用名
91440115MAE82TDF5E,广东数智低空产业研究有限公司,广东数智低空产业研究有限公司,标准名
91440115MAE82TDF5E,广东数智低空产业研究有限公司,数智低空产业研究,简称
91440300MAE83H4WXC,大豫鸿运低空经济产业(深圳)有限公司,大豫鸿运低空经济产业(深圳)有限公司,标准名
91440300MAE83H4WXC,大豫鸿运低空经济产业(深圳)有限公司,大豫鸿运低空经济产业(深圳,简称
91440300MAEX9MMYXG,深圳市未来之星低空经济发展有限公司,深圳市未来之星低空经济发展有限公司,标准名
91440300MAEX9MMYXG,深圳市未来之星低空经济发展有限公司,未来之星低空经济发展,简称
91440300MAEX9MMYXG,深圳市未来之星低空经济发展有限公司,深圳市未来氢氢智能科技有限公司,曾用名
91440300MA5F0D355T,宇邦安国际防务科技(深圳)有限公司,宇邦安国际防务科技(深圳)有限公司,标准名
91440300MA5F0D355T,宇邦安国际防务科技(深圳)有限公司,宇邦安国际防务科技(深圳,简称
91440300MA5F0D355T,宇邦安国际防务科技(深圳)有限公司,深圳市大其教育科技有限公司,曾用名
91440300MA5D8NQ42H,深圳市昱熙基金管理有限公司,深圳市昱熙基金管理有限公司,标准名
91440300MA5D8NQ42H,深圳市昱熙基金管理有限公司,昱熙基金管理,简称
91440300MA5EC47Q25,广东鹏霄国际航空技术有限公司,广东鹏霄国际航空技术有限公司,标准名
91440300MA5EC47Q25,广东鹏霄国际航空技术有限公司,鹏霄国际航空技术,简称
91440300MA5EC47Q25,广东鹏霄国际航空技术有限公司,深圳陆善智能科技有限公司,曾用名
91440882MAE2YKQR0K,宇景低空(雷州)智能科技有限公司,宇景低空(雷州)智能科技有限公司,标准名
91440882MAE2YKQR0K,宇景低空(雷州)智能科技有限公司,宇景低空(雷州)智能科技,简称
91440300MA5EW8TA18,中亚天空(深圳)科技有限公司,中亚天空(深圳)科技有限公司,标准名
91440300MA5EW8TA18,中亚天空(深圳)科技有限公司,中亚天空(深圳)科技,简称
91440300MA5EW8TA18,中亚天空(深圳)科技有限公司,心合意（深圳）国际文化发展有限公司,曾用名
91440300MA5EW8TA18,中亚天空(深圳)科技有限公司,心合意（深圳）无人化系统技术有限公司,曾用名
91440882MAE32TBH4A,广东宇景低空智能科技有限公司,广东宇景低空智能科技有限公司,标准名
91440882MAE32TBH4A,广东宇景低空智能科技有限公司,宇景低空智能科技,简称
91441900314837663N,广东中原智付储能技术有限公司,广东中原智付储能技术有限公司,标准名
91441900314837663N,广东中原智付储能技术有限公司,中原智付储能技术,简称
91441900314837663N,广东中原智付储能技术有限公司,广东中原财富通支付有限公司,曾用名
91440300MA5G40336F,星球物联网科技(深圳)有限公司,星球物联网科技(深圳)有限公司,标准名
91440300MA5G40336F,星球物联网科技(深圳)有限公司,星球物联网科技(深圳,简称
91110111MA005D7X4B,深圳玖禾阳光投资有限公司,深圳玖禾阳光投资有限公司,标准名
91110111MA005D7X4B,深圳玖禾阳光投资有限公司,玖禾阳光投资,简称
91110111MA005D7X4B,深圳玖禾阳光投资有限公司,亿沃福（北京）投资有限公司,曾用名
91110111MA005D7X4B,深圳玖禾阳光投资有限公司,玖禾（北京）投资有限公司,曾用名
91440116MA59A97X8G,广州空天通讯技术服务有限公司,广州空天通讯技术服务有限公司,标准名
91440116MA59A97X8G,广州空天通讯技术服务有限公司,空天通讯技术服务,简称
91440300MA5DJ6TK6J,深圳市盛空科技有限公司,深圳市盛空科技有限公司,标准名
91440300MA5DJ6TK6J,深圳市盛空科技有限公司,盛空科技,简称
91440300MAEQ9775X5,深圳前海燚顺低空经济产业创新中心有限公司,深圳前海燚顺低空经济产业创新中心有限公司,标准名
91440300MAEQ9775X5,深圳前海燚顺低空经济产业创新中心有限公司,前海燚顺低空经济产业创新中心,简称
91440300MA5DHAUB9E,深圳市翼巡低空科技有限公司,深圳市翼巡低空科技有限公司,标准名
91440300MA5DHAUB9E,深圳市翼巡低空科技有限公司,翼巡低空科技,简称
91440300MA5DHAUB9E,深圳市翼巡低空科技有限公司,深圳市舜城鼎峰投资咨询有限公司,曾用名
91441802MADTX2Y5XG,广东低空科技发展有限公司,广东低空科技发展有限公司,标准名
91441802MADTX2Y5XG,广东低空科技发展有限公司,低空科技发展,简称
91440300MA5DR8F96E,深圳市微联星智科技有限公司,深圳市微联星智科技有限公司,标准名
91440300MA5DR8F96E,深圳市微联星智科技有限公司,微联星智科技,简称
91440300MAE7EU0U2U,深圳市神行低空出行有限公司,深圳市神行低空出行有限公司,标准名
91440300MAE7EU0U2U,深圳市神行低空出行有限公司,神行低空出行,简称
91440105MAEHMM50XJ,广州市海珠低空经济产业发展有限公司,广州市海珠低空经济产业发展有限公司,标准名
91440105MAEHMM50XJ,广州市海珠低空经济产业发展有限公司,海珠低空经济产业发展,简称
91441900MA54G8WX2Y,广东中天建设科技有限公司,广东中天建设科技有限公司,标准名
91441900MA54G8WX2Y,广东中天建设科技有限公司,中天建设科技,简称
91440300MAK1H2DH4K,深圳飞飞低空智能科技有限公司,深圳飞飞低空智能科技有限公司,标准名
91440300MAK1H2DH4K,深圳飞飞低空智能科技有限公司,飞飞低空智能科技,简称
91440300MADKPDL559,深圳市皓宇低空科技有限公司,深圳市皓宇低空科技有限公司,标准名
91440300MADKPDL559,深圳市皓宇低空科技有限公司,皓宇低空科技,简称
91440605MAE7PY5H9N,广东精维航空飞机维修有限公司,广东精维航空飞机维修有限公司,标准名
91440605MAE7PY5H9N,广东精维航空飞机维修有限公司,精维航空飞机维修,简称
91441302MAEQGWKU3N,广东惠州市广晟翔龙低空经济发展有限公司,广东惠州市广晟翔龙低空经济发展有限公司,标准名
91441302MAEQGWKU3N,广东惠州市广晟翔龙低空经济发展有限公司,惠州市广晟翔龙低空经济发展,简称
91440300MA5FG2FK1D,深圳华跃云鹏科技有限公司,深圳华跃云鹏科技有限公司,标准名
91440300MA5FG2FK1D,深圳华跃云鹏科技有限公司,华跃云鹏科技,简称
91440300MA5FG2FK1D,深圳华跃云鹏科技有限公司,深圳市华广云鹏科技有限公司,曾用名
91440300319512147W,深圳市喜悦智慧数据有限公司,深圳市喜悦智慧数据有限公司,标准名
91440300319512147W,深圳市喜悦智慧数据有限公司,喜悦智慧数据,简称
91441802MADWFRHQ62,清远旅云飞低空经济技术发展有限公司,清远旅云飞低空经济技术发展有限公司,标准名
91441802MADWFRHQ62,清远旅云飞低空经济技术发展有限公司,清远旅云飞低空经济技术发展,简称
91440300MAK0Y18U8Q,深圳市亿航东方低空经济产业私募股权投资基金合伙企业(有限合伙),深圳市亿航东方低空经济产业私募股权投资基金合伙企业(有限合伙),标准名
91440300MAK0Y18U8Q,深圳市亿航东方低空经济产业私募股权投资基金合伙企业(有限合伙),亿航东方低空经济产业私募股权投资基金合伙企业(有限合伙,简称
91440403MA54B10X2U,广东光海光伏建筑发展有限公司,广东光海光伏建筑发展有限公司,标准名
91440403MA54B10X2U,广东光海光伏建筑发展有限公司,光海光伏建筑发展,简称
91440400MA4WAGEK48,珠海光恒科技有限公司,珠海光恒科技有限公司,标准名
91440400MA4WAGEK48,珠海光恒科技有限公司,光恒科技,简称
91420111MA4KU4X662,软通智慧科技有限公司,软通智慧科技有限公司,标准名
91420111MA4KU4X662,软通智慧科技有限公司,软通智慧科技,简称
91440300MA5ECU911U,广东中维智泊停车服务有限公司,广东中维智泊停车服务有限公司,标准名
91440300MA5ECU911U,广东中维智泊停车服务有限公司,中维智泊停车服务,简称
91440300MA5ECU911U,广东中维智泊停车服务有限公司,广东华叶智泊科技有限公司,曾用名
91440101550593664J,中运科技股份有限公司,中运科技股份有限公司,标准名
91440101550593664J,中运科技股份有限公司,中运科技,简称
91440101550593664J,中运科技股份有限公司,广东中运传媒有限公司,曾用名
91440101550593664J,中运科技股份有限公司,广东中运传媒科技有限公司,曾用名
91440101550593664J,中运科技股份有限公司,广东中运传媒科技股份有限公司,曾用名
91440101550593664J,中运科技股份有限公司,广东闽商广告有限公司,曾用名
91440106MA9YCEK48X,广州鑫凌耀科技有限公司,广州鑫凌耀科技有限公司,标准名
91440106MA9YCEK48X,广州鑫凌耀科技有限公司,鑫凌耀科技,简称
91440300MAEBRARGXN,零界科技(深圳)有限责任公司,零界科技(深圳)有限责任公司,标准名
91440300MAEBRARGXN,零界科技(深圳)有限责任公司,零界科技(深圳,简称
91440300MAEBRARGXN,零界科技(深圳)有限责任公司,深圳市零界科技有限责任公司,曾用名
91440300MADFXNP223,鹏有(深圳)飞行科技有限公司,鹏有(深圳)飞行科技有限公司,标准名
91440300MADFXNP223,鹏有(深圳)飞行科技有限公司,鹏有(深圳)飞行科技,简称
91441900MAEKQ0Y25A,广东霄瞰低空智能科技有限公司,广东霄瞰低空智能科技有限公司,标准名
91441900MAEKQ0Y25A,广东霄瞰低空智能科技有限公司,霄瞰低空智能科技,简称
91440300MA5GM8DJ0J,中科(深圳)数字资本集团有限公司,中科(深圳)数字资本集团有限公司,标准名
91440300MA5GM8DJ0J,中科(深圳)数字资本集团有限公司,中科(深圳)数字资本集团,简称
91440300MA5GM8DJ0J,中科(深圳)数字资本集团有限公司,华瞻控股（深圳）集团有限公司,曾用名
91440300MA5GM8DJ0J,中科(深圳)数字资本集团有限公司,华瞻（深圳）数字投资集团有限公司,曾用名
91440300MA5EYAYG9U,深圳市德孚力奥科技有限公司,深圳市德孚力奥科技有限公司,标准名
91440300MA5EYAYG9U,深圳市德孚力奥科技有限公司,德孚力奥科技,简称
9144030033538400X2,深圳市倍联德实业有限公司,深圳市倍联德实业有限公司,标准名
9144030033538400X2,深圳市倍联德实业有限公司,倍联德实业,简称
91440003MAE5CRDL01,琴航(广东横琴)科技有限公司,琴航(广东横琴)科技有限公司,标准名
91440003MAE5CRDL01,琴航(广东横琴)科技有限公司,琴航(广东横琴)科技,简称
914403000589938852,深圳市大疆灵眸科技有限公司,深圳市大疆灵眸科技有限公司,标准名
914403000589938852,深圳市大疆灵眸科技有限公司,大疆灵眸科技,简称
914403000589938852,深圳市大疆灵眸科技有限公司,深圳市思开科技有限公司,曾用名
914403000589938852,深圳市大疆灵眸科技有限公司,深圳市雷炽科技有限公司,曾用名
914403007954257495,深圳市大疆创新科技有限公司,深圳市大疆创新科技有限公司,标准名
914403007954257495,深圳市大疆创新科技有限公司,大疆创新科技,简称
91440300306077254B,深圳市道通智能航空技术股份有限公司,深圳市道通智能航空技术股份有限公司,标准名
91440300306077254B,深圳市道通智能航空技术股份有限公司,道通智能航空技术,简称
91440300306077254B,深圳市道通智能航空技术股份有限公司,深圳市道通智能航空技术有限公司,曾用名
91440300MA5FA4QL2L,丰翼科技(深圳)有限公司,丰翼科技(深圳)有限公司,标准名
91440300MA5FA4QL2L,丰翼科技(深圳)有限公司,丰翼科技(深圳,简称
914403003116581250,深圳联合飞机科技有限公司,深圳联合飞机科技有限公司,标准名
914403003116581250,深圳联合飞机科技有限公司,联合飞机科技,简称
91440300MA5G0YNU5T,美团科技有限公司,美团科技有限公司,标准名
91440300MA5G0YNU5T,美团科技有限公司,美团科技,简称
91440300687582704U,顺丰科技有限公司,顺丰科技有限公司,标准名
91440300687582704U,顺丰科技有限公司,顺丰科技,简称
91440300687582704U,顺丰科技有限公司,深圳市泰海科技有限公司,曾用名
91440300192317458F,比亚迪股份有限公司,比亚迪股份有限公司,标准名
91440300192317458F,比亚迪股份有限公司,比亚迪,简称
91440300192317458F,比亚迪股份有限公司,深圳市比亚迪实业有限公司,曾用名
914403001922038216,华为技术有限公司,华为技术有限公司,标准名
914403001922038216,华为技术有限公司,华为技术,简称
914403001922038216,华为技术有限公司,深圳市华为技术有限公司,曾用名
91440300279392266B,深圳市科卫泰实业发展有限公司,深圳市科卫泰实业发展有限公司,标准名
91440300279392266B,深圳市科卫泰实业发展有限公司,科卫泰实业发展,简称
914403007787549030,深圳市好盈科技股份有限公司,深圳市好盈科技股份有限公司,标准名
914403007787549030,深圳市好盈科技股份有限公司,好盈科技,简称
914403007787549030,深圳市好盈科技股份有限公司,深圳市好盈科技有限公司,曾用名
91440106593721849Y,广州极飞科技股份有限公司,广州极飞科技股份有限公司,标准名
91440106593721849Y,广州极飞科技股份有限公司,极飞科技,简称
91440106593721849Y,广州极飞科技股份有限公司,广州极飞科技有限公司,曾用名
91440106593721849Y,广州极飞科技股份有限公司,广州极飞电子科技有限公司,曾用名
91440106593721849Y,广州极飞科技股份有限公司,广州豆睿电子科技有限公司,曾用名
91440101MA59P95W94,广州中科云图智能科技有限公司,广州中科云图智能科技有限公司,标准名
91440101MA59P95W94,广州中科云图智能科技有限公司,中科云图智能科技,简称
91440106304742759X,广州亿航智能技术有限公司,广州亿航智能技术有限公司,标准名
91440106304742759X,广州亿航智能技术有限公司,亿航智能技术,简称
91440101MA9W1BQA5Y,广东汇天航空航天科技有限公司,广东汇天航空航天科技有限公司,标准名
91440101MA9W1BQA5Y,广东汇天航空航天科技有限公司,汇天航空航天科技,简称
91440000730486030B,广东电网有限责任公司,广东电网有限责任公司,标准名
91440000730486030B,广东电网有限责任公司,电网,简称
91440000730486030B,广东电网有限责任公司,广东电网公司,曾用名
91440000730486030B,广东电网有限责任公司,广东省广电集团有限公司,曾用名
91440101734916755P,广东电网有限责任公司广州供电局,广东电网有限责任公司广州供电局,标准名
91440101734916755P,广东电网有限责任公司广州供电局,电网有限责任公司广州供电局,简称
91440101734916755P,广东电网有限责任公司广州供电局,广东电网公司广州供电局,曾用名
91530000MA6MYLGN0A,南方电网通用航空服务有限公司,南方电网通用航空服务有限公司,标准名
91530000MA6MYLGN0A,南方电网通用航空服务有限公司,南方电网通用航空服务,简称
91530000MA6MYLGN0A,南方电网通用航空服务有限公司,云南新能通用航空有限公司,曾用名
91440115734926603P,广州市华科尔科技股份有限公司,广州市华科尔科技股份有限公司,标准名
91440115734926603P,广州市华科尔科技股份有限公司,华科尔科技,简称
91440115734926603P,广州市华科尔科技股份有限公司,广州市华科尔科技有限公司,曾用名
914404000684993620,珠海市双捷科技有限公司,珠海市双捷科技有限公司,标准名
914404000684993620,珠海市双捷科技有限公司,双捷科技,简称
91440400304050613H,珠海紫燕无人飞行器有限公司,珠海紫燕无人飞行器有限公司,标准名
91440400304050613H,珠海紫燕无人飞行器有限公司,紫燕无人飞行器,简称
91440400304050613H,珠海紫燕无人飞行器有限公司,珠海中通金域云数据信息技术有限公司,曾用名
91440402MA7F2J5E28,珠海安擎科技有限公司,珠海安擎科技有限公司,标准名
91440402MA7F2J5E28,珠海安擎科技有限公司,安擎科技,简称
91440606MA531XDX75,佛山顺德光启尖端装备有限公司,佛山顺德光启尖端装备有限公司,标准名
91440606MA531XDX75,佛山顺德光启尖端装备有限公司,顺德光启尖端装备,简称
91440605MA52DEJ91R,佛山市南海区大数据投资建设有限公司,佛山市南海区大数据投资建设有限公司,标准名
91440605MA52DEJ91R,佛山市南海区大数据投资建设有限公司,南海区大数据投资建设,简称
914419007385933083,广东电网有限责任公司东莞供电局,广东电网有限责任公司东莞供电局,标准名
914419007385933083,广东电网有限责任公司东莞供电局,电网有限责任公司东莞供电局,简称
914419007385933083,广东电网有限责任公司东莞供电局,广东省广电集团有限公司东莞供电分公司,曾用名
914419007385933083,广东电网有限责任公司东莞供电局,广东电网公司东莞供电局,曾用名
91440000190345797E,南方电网电力科技股份有限公司,南方电网电力科技股份有限公司,标准名
91440000190345797E,南方电网电力科技股份有限公司,南方电网电力科技,简称
91440000190345797E,南方电网电力科技股份有限公司,广东电科院能源技术有限责任公司,曾用名
91440000190345797E,南方电网电力科技股份有限公司,广东省广华实业进出口公司,曾用名
91440000190345797E,南方电网电力科技股份有限公司,广东广华实业进出口有限公司,曾用名
91440300319491403H,哈瓦国际航空技术(深圳)有限公司,哈瓦国际航空技术(深圳)有限公司,标准名
91440300319491403H,哈瓦国际航空技术(深圳)有限公司,哈瓦国际航空技术(深圳,简称
91440300671877217N,深城交科技集团股份有限公司,深城交科技集团股份有限公司,标准名
91440300671877217N,深城交科技集团股份有限公司,深城交科技集团,简称
91440300671877217N,深城交科技集团股份有限公司,深圳市奥宇节能技术股份有限公司,曾用名
91440300671877217N,深城交科技集团股份有限公司,深圳市奥宇控制系统有限公司,曾用名
91440300671877217N,深城交科技集团股份有限公司,深圳市城市交通规划设计研究中心有限公司,曾用名
91440300671877217N,深城交科技集团股份有限公司,深圳市城市交通规划设计研究中心股份有限公司,曾用名
91440116MA59AB9P0B,亿航智能设备有限公司,亿航智能设备有限公司,标准名
91440116MA59AB9P0B,亿航智能设备有限公司,亿航智能设备,简称
91440116MA59AB9P0B,亿航智能设备有限公司,亿航智能设备(广州)有限公司,曾用名
914403007954257495,深圳市大疆创新科技有限公司,深圳市大疆创新科技有限公司,专利申请人名
91440300306077254B,深圳市道通智能航空技术股份有限公司,深圳市道通智能航空技术股份有限公司,专利申请人名
914403000589938852,深圳市大疆灵眸科技有限公司,深圳市大疆灵眸科技有限公司,专利申请人名
91440000730486030B,广东电网有限责任公司,广东电网有限责任公司,专利申请人名
91440106593721849Y,广州极飞科技股份有限公司,广州极飞科技股份有限公司,专利申请人名
91440101734916755P,广东电网有限责任公司广州供电局,广东电网有限责任公司广州供电局,专利申请人名
91440101MA59P95W94,广州中科云图智能科技有限公司,广州中科云图智能科技有限公司,专利申请人名
91440300319512147W,深圳市喜悦智慧数据有限公司,深圳市喜悦智慧数据有限公司,专利申请人名
91440300671877217N,深城交科技集团股份有限公司,深圳市城市交通规划设计研究中心股份有限公司,专利申请人名
914404000684993620,珠海市双捷科技有限公司,珠海市双捷科技有限公司,专利申请人名
91440116MA59AB9P0B,亿航智能设备有限公司,亿航智能设备(广州)有限公司,专利申请人名
91440300MA5FA4QL2L,丰翼科技(深圳)有限公司,丰翼科技(深圳)有限公司,专利申请人名
91440101MA9W1BQA5Y,广东汇天航空航天科技有限公司,广东汇天航空航天科技有限公司,专利申请人名
91440300MA5G0YNU5T,美团科技有限公司,美团科技有限公司,专利申请人名
914419007385933083,广东电网有限责任公司东莞供电局,广东电网有限责任公司东莞供电局,专利申请人名
914403003116581250,深圳联合飞机科技有限公司,深圳联合飞机科技有限公司,专利申请人名
91530000MA6MYLGN0A,南方电网通用航空服务有限公司,南方电网通用航空服务有限公司,专利申请人名
91440300192317458F,比亚迪股份有限公司,比亚迪股份有限公司,专利申请人名
91440106304742759X,广州亿航智能技术有限公司,广州亿航智能技术有限公司,专利申请人名
91440300306077254B,深圳市道通智能航空技术股份有限公司,深圳市道通智能航空技术有限公司,专利申请人名
914403001922038216,华为技术有限公司,华为技术有限公司,专利申请人名
91440106593721849Y,广州极飞科技股份有限公司,广州极飞科技有限公司,专利申请人名
91440300687582704U,顺丰科技有限公司,顺丰科技有限公司,专利申请人名
91440400304050613H,珠海紫燕无人飞行器有限公司,珠海紫燕无人飞行器有限公司,专利申请人名
91440300279392266B,深圳市科卫泰实业发展有限公司,深圳市科卫泰实业发展有限公司,专利申请人名
91440115734926603P,广州市华科尔科技股份有限公司,广州市华科尔科技股份有限公司,专利申请人名
91440402MA7F2J5E28,珠海安擎科技有限公司,珠海安擎科技有限公司,专利申请人名
914401065937484197,广东新禾智慧数字科技有限公司,广东新禾道信息科技有限公司,专利申请人名
914403007787549030,深圳市好盈科技股份有限公司,深圳市好盈科技股份有限公司,专利申请人名
91440300MADFQJH81G,深圳市智源万联科技有限公司,深圳市智源万联科技有限公司,专利申请人名
91440000190345797E,南方电网电力科技股份有限公司,南方电网电力科技股份有限公司,专利申请人名
91440605MA52DEJ91R,佛山市南海区大数据投资建设有限公司,佛山市南海区大数据投资建设有限公司,专利申请人名
91440606MA531XDX75,佛山顺德光启尖端装备有限公司,佛山顺德光启尖端装备有限公司,专利申请人名
91440300319491403H,哈瓦国际航空技术(深圳)有限公司,哈瓦国际航空技术(深圳)有限公司,专利申请人名
91440400MA4UQCBU13,珠海天晴航空航天科技有限公司,珠海天晴航空航天科技有限公司,专利申请人名
